{"stats":{"minecraft:dropped":{"minecraft:stripped_spruce_log":1,"minecraft:wheat_seeds":3,"minecraft:stone_sword":2,"minecraft:cobblestone":5,"minecraft:rotten_flesh":24,"byg:tall_allium":1,"minecraft:leather":1,"minecraft:cod":2,"minecraft:leather_chestplate":1,"minecraft:dirt":1,"byg:pink_allium_flower_bush":1,"minecraft:iron_chestplate":3,"minecraft:ladder":4,"byg:rainbow_eucalyptus_sapling":3,"minecraft:bamboo":2,"byg:mahogany_sapling":3,"byg:tall_pink_allium":7,"minecraft:red_sand":1,"minecraft:dark_prismarine":1},"minecraft:crafted":{"minecraft:oak_planks":4,"minecraft:cooked_porkchop":8,"minecraft:crafting_table":1,"minecraft:bone_meal":15,"minecraft:air":0,"minecraft:bread":3,"minecraft:shield":1,"minecraft:iron_leggings":1},"minecraft:mined":{"minecraft:dark_prismarine_stairs":1,"minecraft:spruce_planks":14,"byg:pink_allium_flower_bush":1,"minecraft:torch":1,"minecraft:jungle_stairs":3,"minecraft:red_sand":1,"minecraft:grass_block":1,"minecraft:jungle_planks":3,"minecraft:grass_path":1,"minecraft:enchanting_table":2,"minecraft:oak_log":1,"byg:tall_pink_allium":1,"minecraft:bamboo":1,"minecraft:polished_andesite":2},"minecraft:picked_up":{"minecraft:enchanting_table":5,"minecraft:iron_chestplate":5,"minecraft:leather_chestplate":1,"minecraft:ladder":4,"minecraft:leather":3,"byg:tall_pink_allium":7,"minecraft:lead":2,"minecraft:oak_log":2,"byg:rainbow_eucalyptus_sapling":3,"minecraft:dirt":3,"minecraft:lantern":2,"minecraft:iron_axe":1,"minecraft:iron_shovel":1,"minecraft:bone":6,"minecraft:apple":3,"minecraft:sea_pickle":1,"minecraft:wheat_seeds":3,"minecraft:red_sand":1,"minecraft:gold_nugget":34,"minecraft:dark_prismarine_stairs":1,"minecraft:spruce_planks":13,"byg:pink_allium_flower_bush":1,"minecraft:observer":1,"minecraft:iron_pickaxe":1,"minecraft:bamboo":2,"minecraft:iron_sword":1,"minecraft:oak_planks":4,"minecraft:iron_boots":1,"minecraft:torch":1,"minecraft:porkchop":8,"minecraft:jungle_planks":4,"minecraft:stripped_spruce_log":1,"minecraft:white_bed":2,"minecraft:grass_block":1,"minecraft:fermented_spider_eye":3,"minecraft:redstone":3,"minecraft:mossy_cobblestone":1,"minecraft:dark_prismarine":1,"minecraft:iron_hoe":1,"minecraft:polished_andesite":2,"minecraft:stone_sword":2,"minecraft:dispenser":1,"minecraft:arrow":2,"minecraft:rotten_flesh":30,"minecraft:jungle_stairs":3,"byg:mahogany_sapling":3,"byg:tall_allium":1,"minecraft:iron_helmet":1,"minecraft:saddle":7,"minecraft:gold_ingot":5,"minecraft:cod":2,"minecraft:cobblestone":5},"minecraft:killed":{"minecraft:husk":5,"dungeonsmod:haunter":1,"minecraft:hoglin":3,"minecraft:skeleton":3,"minecraft:zombie":9},"minecraft:used":{"minecraft:enchanting_table":2,"minecraft:lead":1,"minecraft:polished_andesite":2,"minecraft:oak_planks":4,"minecraft:ender_pearl":1,"minecraft:shield":21,"minecraft:iron_sword":18,"minecraft:torch":2,"minecraft:mossy_cobblestone":1,"minecraft:dirt":1,"minecraft:crafting_table":1,"minecraft:jungle_planks":3,"minecraft:white_bed":2,"minecraft:cod":2,"minecraft:oak_log":1,"minecraft:lantern":2,"minecraft:iron_axe":75,"minecraft:bread":4,"minecraft:iron_pickaxe":6,"minecraft:diamond_sword":32,"minecraft:bow":2,"minecraft:cooked_porkchop":7,"minecraft:cooked_beef":6,"minecraft:dark_prismarine_stairs":1},"minecraft:custom":{"minecraft:interact_with_furnace":11,"minecraft:interact_with_anvil":6,"minecraft:mob_kills":24,"minecraft:interact_with_crafting_table":8,"minecraft:open_barrel":5,"minecraft:play_one_minute":153785,"minecraft:interact_with_loom":1,"minecraft:bell_ring":2,"minecraft:leave_game":3,"minecraft:time_since_death":125883,"minecraft:sleep_in_bed":5,"minecraft:climb_one_cm":30528,"minecraft:time_since_rest":75318,"minecraft:sprint_one_cm":181322,"minecraft:damage_taken":2503,"minecraft:walk_one_cm":299151,"minecraft:drop":36,"minecraft:damage_dealt":5088,"minecraft:player_kills":1,"minecraft:fly_one_cm":109528,"minecraft:open_chest":78,"minecraft:crouch_one_cm":971,"minecraft:deaths":4,"minecraft:sneak_time":206,"minecraft:walk_under_water_one_cm":5587,"minecraft:interact_with_brewingstand":1,"minecraft:jump":777,"minecraft:walk_on_water_one_cm":11326,"minecraft:fall_one_cm":19862,"minecraft:horse_one_cm":2169321},"minecraft:killed_by":{"minecraft:husk":1,"minecraft:player":1,"minecraft:hoglin":1,"minecraft:skeleton":1}},"DataVersion":2586}