{"stats":{"minecraft:picked_up":{"minecraft:wooden_axe":1,"minecraft:music_disc_strad":2,"minecraft:iron_chestplate":2,"minecraft:wheat":61,"minecraft:lead":20,"minecraft:string":21,"minecraft:cooked_salmon":5,"minecraft:iron_leggings":3,"minecraft:gold_nugget":2,"minecraft:bucket":1,"minecraft:spruce_planks":2,"minecraft:melon_slice":9,"minecraft:furnace":3,"minecraft:golden_helmet":2,"minecraft:spruce_pressure_plate":3,"minecraft:stick":11,"minecraft:composter":1,"minecraft:torch":53,"minecraft:acacia_log":3,"minecraft:porkchop":28,"plehemstruhtee:sandsient_stone":158,"minecraft:diorite":42,"minecraft:golden_chestplate":1,"minecraft:orange_bed":1,"minecraft:cactus":1,"minecraft:rotten_flesh":41,"minecraft:obsidian":15,"minecraft:snowball":120,"minecraft:cobblestone":1078,"minecraft:birch_log":16,"minecraft:magma_block":4,"minecraft:cooked_beef":3,"minecraft:feather":1,"minecraft:andesite":39,"minecraft:potato":2,"minecraft:flint":3,"minecraft:lapis_lazuli":67,"minecraft:dirt":85,"minecraft:leather_boots":1,"minecraft:bone":24,"minecraft:acacia_planks":1,"minecraft:bow":6,"minecraft:wheat_seeds":170,"minecraft:bell":1,"minecraft:glowstone_dust":2,"minecraft:oak_planks":58,"minecraft:cooked_porkchop":8,"minecraft:sand":139,"minecraft:ink_sac":6,"minecraft:grass_block":1,"minecraft:blue_terracotta":1,"minecraft:diamond":4,"minecraft:granite":31,"minecraft:bone_meal":12,"minecraft:bread":5,"minecraft:emerald":5,"minecraft:oak_sapling":8,"minecraft:netherrack":28,"minecraft:diamond_pickaxe":1,"minecraft:crafting_table":5,"minecraft:chicken":4,"minecraft:ladder":2,"minecraft:brown_mushroom":1,"minecraft:wooden_pickaxe":1,"minecraft:diamond_horse_armor":1,"minecraft:oak_trapdoor":1,"minecraft:flint_and_steel":1,"minecraft:iron_shovel":1,"minecraft:beef":25,"minecraft:oak_boat":4,"minecraft:chest":1,"minecraft:sugar_cane":2,"minecraft:birch_sapling":1,"minecraft:egg":1,"minecraft:sandstone":18,"minecraft:oak_door":1,"minecraft:carrot":1,"minecraft:redstone":608,"minecraft:light_blue_bed":1,"minecraft:stone_pressure_plate":1,"minecraft:tnt":9,"minecraft:arrow":43,"minecraft:jungle_stairs":2,"minecraft:hay_block":19,"minecraft:saddle":3,"minecraft:gold_ingot":6,"minecraft:basalt":10,"minecraft:salmon":13,"minecraft:cut_sandstone":11,"minecraft:leather":9,"minecraft:birch_planks":9,"minecraft:oak_log":17,"minecraft:lily_pad":19,"minecraft:gunpowder":1,"minecraft:cobblestone_stairs":6,"minecraft:apple":2,"minecraft:iron_ingot":11,"minecraft:stone_pickaxe":5,"minecraft:iron_ore":232,"minecraft:iron_sword":3,"minecraft:book":6,"minecraft:gravel":9,"minecraft:spruce_sapling":2,"minecraft:spruce_log":5,"minecraft:gold_ore":34,"minecraft:spider_eye":5,"minecraft:leather_helmet":2,"minecraft:slime_ball":20,"minecraft:stone_axe":4,"minecraft:dead_bubble_coral_block":1,"minecraft:iron_helmet":4,"minecraft:oak_button":4,"minecraft:coal":162},"minecraft:killed":{"minecraft:witch":1,"minecraft:spider":4,"minecraft:skeleton":15,"minecraft:chicken":1,"minecraft:silverfish":2,"minecraft:pig":12,"minecraft:salmon":11,"minecraft:creeper":2,"minecraft:pillager":7,"minecraft:zombie":42,"minecraft:cow":12,"minecraft:endermite":1,"minecraft:squid":1,"minecraft:enderman":2},"minecraft:killed_by":{"minecraft:creeper":5,"minecraft:silverfish":1,"minecraft:zombie":10,"minecraft:player":3,"minecraft:spider":1,"minecraft:enderman":1,"minecraft:ender_dragon":1,"minecraft:slime":1,"minecraft:skeleton":12},"minecraft:crafted":{"minecraft:oak_planks":132,"minecraft:oak_sign":3,"minecraft:cooked_chicken":1,"minecraft:cobblestone_stairs":32,"minecraft:glass":117,"minecraft:iron_boots":2,"minecraft:chest":3,"minecraft:oak_button":1,"minecraft:jungle_stairs":4,"minecraft:cooked_rabbit":2,"minecraft:glass_bottle":3,"minecraft:cooked_porkchop":20,"minecraft:crafting_table":9,"minecraft:spruce_planks":20,"minecraft:wooden_pickaxe":2,"minecraft:iron_helmet":4,"minecraft:birch_planks":62,"minecraft:iron_chestplate":3,"minecraft:diamond_pickaxe":1,"minecraft:shield":4,"minecraft:stick":60,"minecraft:iron_ingot":155,"minecraft:iron_pickaxe":2,"minecraft:furnace":4,"minecraft:bone_meal":42,"minecraft:oak_trapdoor":4,"minecraft:flint_and_steel":2,"minecraft:stone_pickaxe":1,"minecraft:minecart":1,"minecraft:cooked_beef":25,"minecraft:iron_sword":2,"minecraft:cooked_salmon":11,"minecraft:bucket":1,"minecraft:stone_axe":1,"minecraft:bread":18,"minecraft:air":0,"minecraft:oak_boat":1,"minecraft:golden_apple":1,"minecraft:iron_shovel":1,"minecraft:iron_leggings":3,"minecraft:torch":124},"minecraft:mined":{"minecraft:spruce_planks":3,"minecraft:cobblestone_stairs":8,"minecraft:obsidian":19,"minecraft:granite":39,"minecraft:acacia_log":3,"minecraft:grass_block":21,"minecraft:composter":1,"minecraft:magma_block":7,"minecraft:iron_ore":169,"minecraft:fire":65,"plehemstruhtee:sandsient_metal":30,"minecraft:spruce_pressure_plate":3,"minecraft:orange_bed":1,"minecraft:cut_sandstone":5,"minecraft:dead_bubble_coral_block":1,"minecraft:torch":6,"minecraft:jungle_stairs":2,"minecraft:chest":1,"minecraft:glass":2,"minecraft:cobblestone":73,"minecraft:sugar_cane":1,"minecraft:oak_planks":17,"minecraft:wall_torch":6,"minecraft:acacia_sapling":1,"minecraft:blue_terracotta":1,"minecraft:birch_log":16,"minecraft:wheat":64,"minecraft:tnt":5,"minecraft:grass":35,"minecraft:oak_log":19,"minecraft:sand":150,"minecraft:dirt":41,"minecraft:netherrack":29,"minecraft:oak_leaves":4,"minecraft:diamond_ore":3,"minecraft:ladder":2,"minecraft:redstone_wire":14,"minecraft:spruce_leaves":2,"minecraft:sandstone":27,"minecraft:hay_block":18,"minecraft:redstone_ore":162,"minecraft:oak_trapdoor":1,"minecraft:spruce_sapling":1,"minecraft:furnace":3,"minecraft:snow":91,"minecraft:andesite":38,"minecraft:bell":1,"minecraft:stone":1040,"minecraft:basalt":10,"minecraft:crafting_table":3,"minecraft:tall_grass":7,"minecraft:lapis_ore":7,"minecraft:diorite":41,"minecraft:birch_planks":6,"minecraft:ice":19,"minecraft:spruce_log":5,"minecraft:coal_ore":152,"minecraft:gravel":10,"minecraft:acacia_planks":1,"minecraft:oak_button":3,"minecraft:gold_ore":37,"minecraft:infested_stone":3},"minecraft:dropped":{"minecraft:iron_sword":1,"minecraft:brown_mushroom":1,"minecraft:lapis_lazuli":1,"minecraft:cooked_beef":3,"minecraft:oak_log":1,"minecraft:cooked_porkchop":2,"minecraft:jungle_planks":53,"minecraft:saddle":2,"minecraft:flint":3,"minecraft:dirt":22,"minecraft:oak_door":3,"minecraft:sugar_cane":2,"minecraft:golden_chestplate":1,"minecraft:rotten_flesh":21,"minecraft:oak_planks":11,"minecraft:gunpowder":1,"minecraft:iron_ore":16,"minecraft:iron_ingot":6,"minecraft:wheat_seeds":1,"minecraft:golden_helmet":2,"minecraft:lead":1,"minecraft:iron_helmet":4,"minecraft:cobblestone":190,"plehemstruhtee:sandsient_stone":4,"minecraft:stick":16,"minecraft:lava_bucket":1,"minecraft:ink_sac":2,"minecraft:torch":16,"minecraft:string":19,"minecraft:lily_pad":11,"minecraft:flint_and_steel":1,"minecraft:shield":2,"minecraft:oak_button":2,"minecraft:diamond_pickaxe":1,"minecraft:bow":2,"minecraft:stone_pickaxe":2},"minecraft:used":{"minecraft:iron_shovel":238,"minecraft:carrot_on_a_stick":1,"minecraft:ladder":2,"minecraft:oak_sign":1,"minecraft:chest":4,"minecraft:shield":97,"minecraft:iron_sword":348,"minecraft:bell":1,"minecraft:jungle_planks":5,"minecraft:carrot":2,"minecraft:snowball":40,"minecraft:obsidian":14,"minecraft:glass":121,"minecraft:lava_bucket":3,"minecraft:grass_block":1,"minecraft:light_blue_bed":1,"minecraft:magma_block":3,"minecraft:bow":34,"minecraft:furnace":7,"minecraft:egg":1,"minecraft:potato":3,"minecraft:diorite":5,"minecraft:stone_pickaxe":124,"minecraft:oak_planks":82,"minecraft:wooden_pickaxe":16,"minecraft:sandstone":18,"minecraft:composter":1,"minecraft:golden_apple":5,"minecraft:sand":66,"minecraft:melon_slice":1,"minecraft:bread":27,"minecraft:gravel":9,"minecraft:fire_charge":1,"minecraft:andesite":3,"minecraft:oak_boat":4,"minecraft:bone_meal":42,"minecraft:oak_trapdoor":2,"minecraft:oak_fence":1,"minecraft:flint_and_steel":87,"minecraft:redstone":14,"minecraft:spruce_planks":5,"minecraft:cooked_salmon":19,"minecraft:cooked_chicken":1,"minecraft:netherrack":28,"minecraft:oak_door":1,"minecraft:orange_bed":1,"minecraft:torch":160,"minecraft:dirt":29,"minecraft:anvil":1,"minecraft:granite":14,"minecraft:wooden_axe":1,"minecraft:stone_pressure_plate":1,"minecraft:cooked_beef":20,"minecraft:acacia_planks":7,"minecraft:wheat_seeds":64,"minecraft:water_bucket":3,"minecraft:cobblestone_stairs":33,"minecraft:birch_planks":35,"minecraft:glass_bottle":3,"minecraft:cut_sandstone":9,"minecraft:crafting_table":9,"minecraft:oak_log":3,"minecraft:diamond_pickaxe":1349,"minecraft:oak_button":3,"minecraft:iron_pickaxe":492,"minecraft:jungle_stairs":3,"minecraft:spruce_sapling":1,"minecraft:stone_axe":107,"minecraft:cobblestone":335,"minecraft:cooked_porkchop":22,"minecraft:bucket":7},"minecraft:broken":{"minecraft:iron_boots":2,"minecraft:iron_chestplate":2,"minecraft:iron_leggings":2,"minecraft:stone_axe":2,"minecraft:iron_sword":1,"minecraft:leather_helmet":1,"minecraft:flint_and_steel":1,"minecraft:shield":1,"minecraft:leather_boots":1,"minecraft:iron_pickaxe":1,"minecraft:iron_helmet":2},"minecraft:custom":{"minecraft:interact_with_crafting_table":80,"minecraft:bell_ring":48,"minecraft:leave_game":18,"minecraft:time_since_death":19615,"minecraft:sprint_one_cm":1272186,"minecraft:drop":205,"minecraft:talked_to_villager":18,"minecraft:deaths":56,"minecraft:jump":6548,"minecraft:interact_with_brewingstand":4,"minecraft:walk_on_water_one_cm":101025,"minecraft:interact_with_furnace":161,"minecraft:interact_with_cartography_table":2,"minecraft:play_one_minute":940106,"minecraft:sleep_in_bed":16,"minecraft:damage_dealt":17518,"minecraft:player_kills":3,"minecraft:crouch_one_cm":40610,"minecraft:horse_one_cm":1791940,"minecraft:mob_kills":126,"minecraft:interact_with_anvil":9,"minecraft:climb_one_cm":5689,"minecraft:walk_one_cm":2324884,"minecraft:sneak_time":19450,"minecraft:walk_under_water_one_cm":76435,"minecraft:boat_one_cm":244811,"minecraft:interact_with_blast_furnace":3,"minecraft:interact_with_grindstone":7,"minecraft:time_since_rest":19655,"minecraft:damage_taken":23050,"minecraft:damage_absorbed":120,"minecraft:swim_one_cm":7423,"minecraft:fly_one_cm":1930464,"minecraft:open_chest":313,"minecraft:fall_one_cm":174143}},"DataVersion":2586}