{"stats":{"minecraft:broken":{"minecraft:leather_helmet":1,"minecraft:iron_boots":1,"minecraft:iron_chestplate":2,"minecraft:iron_leggings":2,"minecraft:flint_and_steel":1,"minecraft:shield":1,"minecraft:leather_boots":1,"minecraft:stone_axe":2,"minecraft:iron_sword":1,"minecraft:iron_pickaxe":1,"minecraft:iron_helmet":2},"minecraft:picked_up":{"minecraft:wooden_axe":1,"minecraft:iron_chestplate":2,"minecraft:music_disc_strad":2,"minecraft:crafting_table":5,"minecraft:wheat":61,"minecraft:chicken":1,"minecraft:ladder":2,"minecraft:lead":20,"minecraft:brown_mushroom":1,"minecraft:wooden_pickaxe":1,"minecraft:diamond_horse_armor":1,"minecraft:oak_trapdoor":1,"minecraft:string":21,"minecraft:cooked_salmon":5,"minecraft:flint_and_steel":1,"minecraft:iron_leggings":3,"minecraft:iron_shovel":1,"minecraft:gold_nugget":2,"minecraft:spruce_planks":2,"minecraft:bucket":1,"minecraft:beef":25,"minecraft:oak_boat":4,"minecraft:sugar_cane":2,"minecraft:egg":1,"minecraft:chest":1,"minecraft:birch_sapling":1,"minecraft:furnace":3,"minecraft:golden_helmet":2,"minecraft:spruce_pressure_plate":3,"minecraft:stick":11,"minecraft:sandstone":18,"minecraft:oak_door":1,"minecraft:composter":1,"minecraft:torch":53,"minecraft:acacia_log":3,"minecraft:porkchop":28,"plehemstruhtee:sandsient_stone":158,"minecraft:diorite":42,"minecraft:carrot":1,"minecraft:redstone":608,"minecraft:light_blue_bed":1,"minecraft:golden_chestplate":1,"minecraft:stone_pressure_plate":1,"minecraft:tnt":9,"minecraft:cactus":1,"minecraft:arrow":41,"minecraft:rotten_flesh":39,"minecraft:jungle_stairs":2,"minecraft:hay_block":1,"minecraft:gold_ingot":6,"minecraft:saddle":3,"minecraft:obsidian":15,"minecraft:snowball":120,"minecraft:cobblestone":1077,"minecraft:birch_log":16,"minecraft:magma_block":4,"minecraft:feather":1,"minecraft:cooked_beef":3,"minecraft:basalt":10,"minecraft:andesite":39,"minecraft:salmon":6,"minecraft:leather":9,"minecraft:cut_sandstone":11,"minecraft:birch_planks":9,"minecraft:potato":2,"minecraft:flint":3,"minecraft:oak_log":17,"minecraft:lily_pad":19,"minecraft:gunpowder":1,"minecraft:cobblestone_stairs":5,"minecraft:lapis_lazuli":67,"minecraft:dirt":85,"minecraft:leather_boots":1,"minecraft:bone":23,"minecraft:acacia_planks":1,"minecraft:apple":2,"minecraft:bow":6,"minecraft:wheat_seeds":170,"minecraft:iron_ingot":11,"minecraft:stone_pickaxe":5,"minecraft:iron_ore":232,"minecraft:glowstone_dust":2,"minecraft:oak_planks":55,"minecraft:iron_sword":3,"minecraft:book":6,"minecraft:cooked_porkchop":8,"minecraft:gravel":9,"minecraft:sand":139,"minecraft:spruce_sapling":2,"minecraft:ink_sac":6,"minecraft:spruce_log":5,"minecraft:grass_block":1,"minecraft:gold_ore":34,"minecraft:spider_eye":5,"minecraft:leather_helmet":2,"minecraft:blue_terracotta":1,"minecraft:slime_ball":20,"minecraft:diamond":4,"minecraft:stone_axe":4,"minecraft:dead_bubble_coral_block":1,"minecraft:iron_helmet":4,"minecraft:granite":31,"minecraft:bone_meal":12,"minecraft:emerald":5,"minecraft:bread":5,"minecraft:oak_button":4,"minecraft:oak_sapling":8,"minecraft:netherrack":28,"minecraft:coal":162,"minecraft:diamond_pickaxe":1},"minecraft:used":{"minecraft:oak_fence":1,"minecraft:oak_trapdoor":2,"minecraft:iron_shovel":238,"minecraft:flint_and_steel":82,"minecraft:oak_sign":1,"minecraft:redstone":14,"minecraft:carrot_on_a_stick":1,"minecraft:ladder":2,"minecraft:chest":4,"minecraft:spruce_planks":5,"minecraft:shield":86,"minecraft:iron_sword":319,"minecraft:cooked_salmon":12,"minecraft:cooked_chicken":1,"minecraft:oak_door":1,"minecraft:netherrack":28,"minecraft:torch":160,"minecraft:dirt":29,"minecraft:anvil":1,"minecraft:jungle_planks":5,"minecraft:carrot":2,"minecraft:obsidian":14,"minecraft:snowball":40,"minecraft:granite":14,"minecraft:glass":121,"minecraft:wooden_axe":1,"minecraft:lava_bucket":3,"minecraft:grass_block":1,"minecraft:light_blue_bed":1,"minecraft:magma_block":3,"minecraft:bow":26,"minecraft:furnace":7,"minecraft:egg":1,"minecraft:stone_pressure_plate":1,"minecraft:cooked_beef":20,"minecraft:potato":3,"minecraft:acacia_planks":7,"minecraft:water_bucket":3,"minecraft:wheat_seeds":64,"minecraft:diorite":5,"minecraft:cobblestone_stairs":31,"minecraft:birch_planks":35,"minecraft:glass_bottle":3,"minecraft:stone_pickaxe":124,"minecraft:oak_planks":79,"minecraft:cut_sandstone":9,"minecraft:wooden_pickaxe":16,"minecraft:sandstone":18,"minecraft:composter":1,"minecraft:golden_apple":5,"minecraft:sand":66,"minecraft:crafting_table":9,"minecraft:oak_log":3,"minecraft:diamond_pickaxe":1345,"minecraft:iron_pickaxe":492,"minecraft:oak_button":3,"minecraft:bread":27,"minecraft:jungle_stairs":3,"minecraft:gravel":9,"minecraft:spruce_sapling":1,"minecraft:stone_axe":107,"minecraft:cobblestone":330,"minecraft:cooked_porkchop":22,"minecraft:andesite":3,"minecraft:bucket":7,"minecraft:oak_boat":4,"minecraft:bone_meal":42},"minecraft:crafted":{"minecraft:oak_planks":132,"minecraft:oak_sign":3,"minecraft:cooked_chicken":1,"minecraft:furnace":4,"minecraft:cobblestone_stairs":32,"minecraft:bone_meal":42,"minecraft:oak_trapdoor":4,"minecraft:flint_and_steel":2,"minecraft:glass":117,"minecraft:iron_boots":2,"minecraft:stone_pickaxe":1,"minecraft:chest":3,"minecraft:oak_button":1,"minecraft:jungle_stairs":4,"minecraft:cooked_rabbit":2,"minecraft:minecart":1,"minecraft:cooked_beef":25,"minecraft:glass_bottle":3,"minecraft:cooked_porkchop":20,"minecraft:crafting_table":9,"minecraft:spruce_planks":20,"minecraft:wooden_pickaxe":2,"minecraft:iron_helmet":4,"minecraft:iron_sword":2,"minecraft:cooked_salmon":4,"minecraft:bucket":1,"minecraft:birch_planks":62,"minecraft:stone_axe":1,"minecraft:bread":18,"minecraft:air":0,"minecraft:oak_boat":1,"minecraft:iron_chestplate":3,"minecraft:diamond_pickaxe":1,"minecraft:golden_apple":1,"minecraft:shield":4,"minecraft:stick":60,"minecraft:iron_ingot":155,"minecraft:iron_pickaxe":2,"minecraft:iron_shovel":1,"minecraft:iron_leggings":3,"minecraft:torch":124},"minecraft:mined":{"minecraft:diamond_ore":3,"minecraft:spruce_planks":3,"minecraft:cobblestone_stairs":7,"minecraft:obsidian":19,"minecraft:ladder":2,"minecraft:granite":39,"minecraft:acacia_log":3,"minecraft:grass_block":21,"minecraft:redstone_wire":14,"minecraft:spruce_leaves":2,"minecraft:composter":1,"minecraft:sandstone":27,"minecraft:redstone_ore":162,"minecraft:magma_block":7,"minecraft:oak_trapdoor":1,"minecraft:spruce_sapling":1,"minecraft:furnace":3,"minecraft:iron_ore":169,"minecraft:fire":63,"minecraft:snow":91,"minecraft:andesite":38,"plehemstruhtee:sandsient_metal":30,"minecraft:spruce_pressure_plate":3,"minecraft:stone":1040,"minecraft:cut_sandstone":5,"minecraft:dead_bubble_coral_block":1,"minecraft:basalt":10,"minecraft:crafting_table":3,"minecraft:torch":6,"minecraft:jungle_stairs":2,"minecraft:chest":1,"minecraft:tall_grass":7,"minecraft:glass":2,"minecraft:cobblestone":72,"minecraft:lapis_ore":7,"minecraft:oak_planks":14,"minecraft:sugar_cane":1,"minecraft:wall_torch":6,"minecraft:diorite":41,"minecraft:birch_planks":6,"minecraft:acacia_sapling":1,"minecraft:blue_terracotta":1,"minecraft:birch_log":16,"minecraft:wheat":64,"minecraft:ice":19,"minecraft:spruce_log":5,"minecraft:tnt":5,"minecraft:grass":28,"minecraft:coal_ore":152,"minecraft:oak_log":19,"minecraft:gravel":10,"minecraft:sand":150,"minecraft:dirt":41,"minecraft:acacia_planks":1,"minecraft:oak_button":3,"minecraft:netherrack":29,"minecraft:gold_ore":37,"minecraft:oak_leaves":4,"minecraft:infested_stone":3},"minecraft:custom":{"minecraft:interact_with_anvil":9,"minecraft:mob_kills":116,"minecraft:interact_with_crafting_table":79,"minecraft:bell_ring":11,"minecraft:leave_game":17,"minecraft:time_since_death":2112,"minecraft:climb_one_cm":5689,"minecraft:sprint_one_cm":1148096,"minecraft:walk_one_cm":2148698,"minecraft:drop":205,"minecraft:talked_to_villager":8,"minecraft:deaths":50,"minecraft:sneak_time":19031,"minecraft:walk_under_water_one_cm":65204,"minecraft:boat_one_cm":244811,"minecraft:interact_with_brewingstand":4,"minecraft:jump":6290,"minecraft:interact_with_blast_furnace":3,"minecraft:walk_on_water_one_cm":96898,"minecraft:interact_with_furnace":144,"minecraft:interact_with_cartography_table":2,"minecraft:play_one_minute":896325,"minecraft:interact_with_grindstone":7,"minecraft:sleep_in_bed":16,"minecraft:time_since_rest":2188,"minecraft:damage_taken":20730,"minecraft:damage_absorbed":120,"minecraft:damage_dealt":16315,"minecraft:player_kills":2,"minecraft:swim_one_cm":7423,"minecraft:fly_one_cm":1891037,"minecraft:open_chest":287,"minecraft:crouch_one_cm":39534,"minecraft:fall_one_cm":152690,"minecraft:horse_one_cm":1791940},"minecraft:killed_by":{"minecraft:player":2,"minecraft:creeper":5,"minecraft:spider":1,"minecraft:enderman":1,"minecraft:ender_dragon":1,"minecraft:slime":1,"minecraft:silverfish":1,"minecraft:skeleton":12,"minecraft:zombie":9},"minecraft:killed":{"minecraft:witch":1,"minecraft:endermite":1,"minecraft:spider":4,"minecraft:skeleton":15,"minecraft:chicken":1,"minecraft:silverfish":2,"minecraft:pig":12,"minecraft:salmon":4,"minecraft:creeper":2,"minecraft:squid":1,"minecraft:pillager":7,"minecraft:zombie":40,"minecraft:enderman":2,"minecraft:cow":12},"minecraft:dropped":{"minecraft:iron_ingot":6,"minecraft:iron_sword":1,"minecraft:brown_mushroom":1,"minecraft:wheat_seeds":1,"minecraft:lapis_lazuli":1,"minecraft:golden_helmet":2,"minecraft:cooked_beef":3,"minecraft:oak_log":1,"minecraft:cooked_porkchop":2,"minecraft:iron_helmet":4,"minecraft:cobblestone":190,"minecraft:lead":1,"plehemstruhtee:sandsient_stone":4,"minecraft:jungle_planks":53,"minecraft:saddle":2,"minecraft:flint":3,"minecraft:stick":16,"minecraft:lava_bucket":1,"minecraft:dirt":22,"minecraft:ink_sac":2,"minecraft:torch":16,"minecraft:string":19,"minecraft:lily_pad":11,"minecraft:oak_door":3,"minecraft:sugar_cane":2,"minecraft:golden_chestplate":1,"minecraft:rotten_flesh":21,"minecraft:oak_planks":11,"minecraft:flint_and_steel":1,"minecraft:shield":2,"minecraft:gunpowder":1,"minecraft:oak_button":2,"minecraft:diamond_pickaxe":1,"minecraft:iron_ore":16,"minecraft:bow":2,"minecraft:stone_pickaxe":2}},"DataVersion":2586}