{"stats":{"minecraft:used":{"minecraft:jack_o_lantern":1,"minecraft:iron_shovel":238,"minecraft:carrot_on_a_stick":1,"minecraft:ladder":6,"minecraft:oak_sign":1,"minecraft:chest":6,"minecraft:shield":139,"minecraft:iron_sword":371,"minecraft:bell":1,"minecraft:jungle_planks":5,"minecraft:carrot":2,"minecraft:snowball":40,"minecraft:obsidian":14,"minecraft:glass":121,"minecraft:lava_bucket":3,"minecraft:grass_block":55,"minecraft:light_blue_bed":1,"minecraft:magma_block":3,"minecraft:bow":34,"minecraft:hay_block":1,"minecraft:jungle_button":2,"minecraft:furnace":7,"minecraft:egg":424,"minecraft:potato":3,"minecraft:diorite":5,"minecraft:cow_spawn_egg":26,"minecraft:birch_leaves":15,"minecraft:stone_pickaxe":124,"minecraft:powered_rail":45,"minecraft:oak_planks":82,"minecraft:wooden_pickaxe":16,"minecraft:sandstone":18,"minecraft:composter":1,"minecraft:redstone_block":1,"minecraft:golden_apple":6,"minecraft:dark_oak_trapdoor":1,"minecraft:sand":66,"minecraft:crossbow":3,"minecraft:note_block":2,"minecraft:shears":237,"minecraft:redstone_torch":19,"minecraft:firework_rocket":4,"minecraft:melon_slice":14,"minecraft:bread":47,"minecraft:gravel":9,"minecraft:fire_charge":1,"minecraft:diamond_sword":120,"minecraft:andesite":3,"minecraft:oak_boat":4,"minecraft:bone_meal":42,"minecraft:oak_fence":1,"minecraft:oak_trapdoor":2,"minecraft:flint_and_steel":87,"minecraft:carved_pumpkin":2,"minecraft:redstone":14,"minecraft:spruce_planks":5,"minecraft:cooked_salmon":19,"minecraft:cooked_chicken":1,"minecraft:netherrack":47,"minecraft:oak_door":1,"minecraft:orange_bed":1,"minecraft:torch":172,"minecraft:dirt":29,"minecraft:anvil":1,"minecraft:hopper":1,"minecraft:granite":14,"minecraft:wooden_axe":9,"minecraft:iron_block":12,"minecraft:minecart":3,"minecraft:stone_pressure_plate":1,"minecraft:cooked_beef":20,"minecraft:acacia_planks":7,"minecraft:enchanted_golden_apple":1,"minecraft:wheat_seeds":64,"minecraft:water_bucket":7,"minecraft:cobblestone_stairs":33,"minecraft:birch_planks":35,"minecraft:glass_bottle":5,"minecraft:cut_sandstone":9,"minecraft:rail":85,"minecraft:crafting_table":14,"minecraft:white_bed":2,"minecraft:oak_log":3,"minecraft:diamond_pickaxe":1399,"minecraft:apple":40,"minecraft:iron_pickaxe":505,"minecraft:oak_button":3,"minecraft:pig_spawn_egg":37,"minecraft:jungle_stairs":3,"minecraft:spruce_sapling":1,"minecraft:stone_axe":107,"minecraft:crimson_sign":2,"minecraft:cobblestone":554,"minecraft:potion":1,"minecraft:cooked_porkchop":22,"minecraft:bucket":12,"minecraft:pumpkin_pie":4},"minecraft:broken":{"minecraft:shears":1,"minecraft:iron_boots":2,"minecraft:iron_chestplate":2,"minecraft:iron_leggings":2,"minecraft:stone_axe":2,"minecraft:iron_sword":1,"minecraft:leather_helmet":1,"minecraft:flint_and_steel":1,"minecraft:shield":2,"minecraft:leather_boots":2,"minecraft:iron_pickaxe":1,"minecraft:iron_helmet":4},"minecraft:killed":{"minecraft:witch":5,"minecraft:spider":5,"minecraft:skeleton":16,"minecraft:chicken":2,"minecraft:silverfish":2,"minecraft:magma_cube":3,"minecraft:pig":12,"minecraft:salmon":11,"minecraft:creeper":3,"minecraft:pillager":22,"minecraft:zombie":44,"minecraft:blaze":1,"minecraft:cow":12,"minecraft:endermite":1,"minecraft:drowned":1,"plehemstruhtee:devasted_creeper":1,"minecraft:husk":1,"minecraft:hoglin":1,"minecraft:squid":1,"minecraft:wither_skeleton":1,"minecraft:enderman":2},"minecraft:dropped":{"minecraft:iron_sword":2,"minecraft:brown_mushroom":1,"minecraft:birch_planks":2,"minecraft:lapis_lazuli":1,"minecraft:cooked_beef":3,"minecraft:oak_log":1,"minecraft:glass_bottle":1,"minecraft:diamond":1,"minecraft:cooked_porkchop":2,"minecraft:jungle_planks":53,"minecraft:saddle":3,"minecraft:elytra":3,"minecraft:rail":4,"minecraft:flint":3,"minecraft:cobblestone_stairs":1,"minecraft:dirt":22,"minecraft:dark_oak_trapdoor":1,"minecraft:gold_nugget":18,"minecraft:iron_pickaxe":2,"minecraft:gold_ingot":4,"minecraft:cauldron":4,"minecraft:bone":64,"minecraft:oak_door":3,"minecraft:sugar_cane":2,"minecraft:golden_chestplate":1,"minecraft:wheat":128,"minecraft:rotten_flesh":28,"minecraft:oak_planks":11,"minecraft:sandstone_wall":2,"minecraft:poppy":10,"minecraft:leather_chestplate":2,"minecraft:gunpowder":1,"minecraft:iron_ore":16,"minecraft:arrow":4,"minecraft:powered_rail":2,"minecraft:oak_leaves":200,"minecraft:egg":72,"minecraft:firework_rocket":144,"minecraft:iron_ingot":6,"minecraft:bread":1,"minecraft:birch_leaves":4,"minecraft:wheat_seeds":46,"minecraft:golden_helmet":2,"minecraft:diamond_leggings":3,"minecraft:iron_helmet":4,"minecraft:cobblestone":190,"minecraft:lead":1,"minecraft:andesite_wall":2,"plehemstruhtee:sandsient_stone":4,"minecraft:apple":13,"minecraft:granite":17,"minecraft:grass_block":2,"minecraft:coal":2,"minecraft:stick":21,"minecraft:lava_bucket":1,"minecraft:ink_sac":5,"minecraft:torch":16,"minecraft:map":2,"minecraft:diamond_helmet":2,"minecraft:iron_leggings":4,"minecraft:smooth_stone":2,"minecraft:string":20,"minecraft:lily_pad":11,"minecraft:redstone":45,"minecraft:anvil":1,"minecraft:cocoa_beans":12,"minecraft:iron_boots":1,"minecraft:comparator":1,"minecraft:flint_and_steel":1,"minecraft:diamond_sword":4,"minecraft:shield":2,"minecraft:oak_button":2,"minecraft:diamond_chestplate":2,"minecraft:iron_chestplate":1,"minecraft:diamond_pickaxe":3,"minecraft:spider_eye":4,"minecraft:diamond_boots":2,"minecraft:bow":2,"minecraft:stone_pickaxe":2},"minecraft:crafted":{"minecraft:oak_planks":132,"minecraft:oak_sign":3,"minecraft:cooked_chicken":1,"minecraft:cobblestone_stairs":33,"minecraft:glass":117,"minecraft:iron_boots":3,"minecraft:chest":3,"minecraft:oak_button":1,"minecraft:jungle_stairs":4,"minecraft:cooked_rabbit":2,"minecraft:glass_bottle":3,"minecraft:cooked_porkchop":20,"minecraft:crafting_table":12,"minecraft:spruce_planks":20,"minecraft:wooden_pickaxe":2,"minecraft:iron_helmet":5,"minecraft:birch_planks":62,"minecraft:iron_chestplate":3,"minecraft:diamond_pickaxe":1,"minecraft:shield":5,"minecraft:stick":60,"minecraft:iron_ingot":155,"minecraft:iron_pickaxe":2,"minecraft:iron_block":7,"minecraft:gold_ingot":4,"minecraft:redstone_torch":1,"minecraft:shears":1,"minecraft:furnace":4,"minecraft:bone_meal":42,"minecraft:oak_trapdoor":4,"minecraft:flint_and_steel":2,"minecraft:stone_pickaxe":1,"minecraft:dark_oak_planks":4,"minecraft:minecart":1,"minecraft:wheat":315,"minecraft:cooked_beef":25,"minecraft:crimson_planks":4,"minecraft:iron_sword":2,"minecraft:cooked_salmon":11,"minecraft:bucket":2,"minecraft:stone_axe":1,"minecraft:bread":81,"minecraft:air":0,"minecraft:oak_boat":1,"minecraft:golden_apple":1,"minecraft:iron_shovel":1,"minecraft:iron_leggings":4,"minecraft:anvil":1,"minecraft:torch":124},"minecraft:custom":{"minecraft:interact_with_crafting_table":96,"minecraft:open_barrel":4,"minecraft:bell_ring":68,"minecraft:leave_game":22,"minecraft:time_since_death":13081,"minecraft:damage_resisted":43,"minecraft:sprint_one_cm":1921751,"minecraft:drop":340,"minecraft:play_noteblock":7,"minecraft:talked_to_villager":19,"minecraft:deaths":105,"minecraft:jump":8645,"minecraft:interact_with_brewingstand":10,"minecraft:walk_on_water_one_cm":161915,"minecraft:interact_with_furnace":163,"minecraft:interact_with_cartography_table":2,"minecraft:play_one_minute":1281757,"minecraft:sleep_in_bed":22,"minecraft:damage_dealt":25501,"minecraft:player_kills":6,"minecraft:crouch_one_cm":53285,"minecraft:horse_one_cm":1791940,"minecraft:interact_with_anvil":11,"minecraft:mob_kills":160,"minecraft:inspect_hopper":4,"minecraft:climb_one_cm":14098,"minecraft:walk_one_cm":3390457,"minecraft:sneak_time":25188,"minecraft:walk_under_water_one_cm":87200,"minecraft:boat_one_cm":244811,"minecraft:interact_with_blast_furnace":4,"minecraft:tune_noteblock":147,"minecraft:raid_trigger":1,"minecraft:interact_with_stonecutter":1,"minecraft:interact_with_grindstone":8,"minecraft:time_since_rest":13197,"minecraft:damage_taken":40119,"minecraft:damage_absorbed":321,"minecraft:minecart_one_cm":66942,"minecraft:swim_one_cm":7423,"minecraft:fly_one_cm":2453905,"minecraft:open_chest":388,"minecraft:aviate_one_cm":1469408,"minecraft:fall_one_cm":250315},"minecraft:mined":{"minecraft:dark_oak_planks":1,"minecraft:spruce_planks":3,"minecraft:white_bed":2,"minecraft:cobblestone_stairs":8,"minecraft:obsidian":19,"minecraft:granite":39,"minecraft:acacia_log":3,"minecraft:grass_block":21,"minecraft:composter":1,"minecraft:hopper":4,"minecraft:magma_block":7,"minecraft:iron_ore":177,"minecraft:sticky_piston":1,"minecraft:fire":65,"plehemstruhtee:sandsient_metal":30,"minecraft:spruce_pressure_plate":3,"minecraft:spruce_slab":2,"minecraft:orange_bed":1,"minecraft:cut_sandstone":5,"minecraft:dead_bubble_coral_block":1,"minecraft:torch":7,"minecraft:jungle_stairs":2,"minecraft:dark_oak_wood":1,"minecraft:chest":3,"minecraft:glass":2,"minecraft:cobblestone":81,"minecraft:cyan_bed":1,"minecraft:sugar_cane":1,"minecraft:oak_planks":21,"minecraft:wall_torch":8,"minecraft:cauldron":2,"minecraft:acacia_sapling":1,"minecraft:blue_terracotta":1,"minecraft:birch_log":16,"minecraft:wheat":92,"minecraft:tnt":5,"minecraft:grass":35,"minecraft:oak_log":19,"minecraft:sand":150,"minecraft:dirt":42,"minecraft:netherrack":39,"minecraft:piston":3,"minecraft:oak_leaves":243,"minecraft:nether_gold_ore":6,"minecraft:diamond_ore":3,"minecraft:ladder":2,"minecraft:spruce_fence":2,"minecraft:crimson_roots":5,"minecraft:redstone_wire":14,"minecraft:spruce_leaves":2,"minecraft:sandstone":27,"minecraft:crimson_stem":1,"minecraft:hay_block":35,"minecraft:redstone_ore":168,"minecraft:oak_trapdoor":1,"minecraft:spruce_sapling":1,"minecraft:furnace":3,"minecraft:snow":91,"minecraft:andesite":39,"minecraft:bell":1,"minecraft:rail":1,"minecraft:stone":1048,"minecraft:basalt":10,"minecraft:dandelion":1,"minecraft:crafting_table":4,"minecraft:dropper":1,"minecraft:tall_grass":7,"minecraft:lapis_ore":7,"minecraft:diorite":41,"minecraft:birch_planks":8,"minecraft:ice":19,"minecraft:spruce_log":5,"minecraft:birch_leaves":47,"minecraft:coal_ore":152,"minecraft:gravel":10,"minecraft:acacia_planks":4,"minecraft:oak_button":3,"minecraft:gold_ore":37,"minecraft:infested_stone":3},"minecraft:picked_up":{"minecraft:wooden_axe":1,"minecraft:iron_chestplate":2,"minecraft:music_disc_strad":2,"minecraft:wheat":215,"minecraft:lead":20,"minecraft:diamond_sword":2,"minecraft:potion":1,"minecraft:string":23,"minecraft:dark_oak_trapdoor":2,"minecraft:cooked_salmon":5,"minecraft:iron_leggings":5,"minecraft:sticky_piston":1,"minecraft:diamond_leggings":1,"minecraft:gold_nugget":90,"minecraft:smooth_stone":3,"minecraft:comparator":1,"minecraft:bucket":1,"minecraft:spruce_planks":2,"minecraft:iron_pickaxe":3,"minecraft:enchanted_golden_apple":3,"minecraft:melon_slice":22,"minecraft:iron_boots":1,"minecraft:furnace":3,"minecraft:golden_helmet":2,"minecraft:spruce_pressure_plate":3,"minecraft:stick":24,"minecraft:composter":1,"minecraft:torch":65,"minecraft:acacia_log":3,"minecraft:sandstone_wall":2,"minecraft:porkchop":28,"plehemstruhtee:sandsient_stone":158,"minecraft:diorite":42,"minecraft:golden_chestplate":1,"minecraft:cauldron":4,"minecraft:orange_bed":1,"minecraft:andesite_wall":2,"minecraft:cactus":1,"minecraft:rotten_flesh":48,"minecraft:iron_block":16,"minecraft:carved_pumpkin":4,"minecraft:obsidian":15,"minecraft:snowball":120,"minecraft:cobblestone":1131,"minecraft:birch_log":16,"minecraft:magma_block":4,"minecraft:leather_chestplate":4,"minecraft:cooked_beef":3,"minecraft:feather":1,"minecraft:andesite":42,"minecraft:potato":2,"minecraft:flint":3,"minecraft:map":1,"minecraft:lapis_lazuli":67,"minecraft:dirt":85,"minecraft:leather_boots":2,"minecraft:bone":27,"minecraft:acacia_planks":1,"minecraft:bow":6,"minecraft:wheat_seeds":224,"minecraft:bell":1,"minecraft:glowstone_dust":2,"minecraft:powered_rail":3,"minecraft:oak_planks":62,"minecraft:cooked_porkchop":8,"minecraft:dropper":1,"minecraft:sand":139,"minecraft:ink_sac":9,"minecraft:grass_block":2,"minecraft:blue_terracotta":1,"minecraft:diamond":4,"minecraft:crossbow":1,"minecraft:granite":31,"minecraft:bone_meal":12,"minecraft:golden_apple":1,"minecraft:emerald":5,"minecraft:bread":5,"minecraft:crimson_roots":1,"minecraft:netherrack":48,"minecraft:jack_o_lantern":1,"minecraft:oak_sapling":9,"minecraft:oak_leaves":200,"minecraft:diamond_pickaxe":1,"minecraft:cocoa_beans":9,"minecraft:crafting_table":6,"minecraft:chicken":5,"minecraft:ladder":9,"minecraft:brown_mushroom":1,"minecraft:wooden_pickaxe":1,"minecraft:diamond_horse_armor":1,"minecraft:shield":3,"minecraft:oak_trapdoor":1,"minecraft:elytra":4,"minecraft:flint_and_steel":1,"minecraft:iron_shovel":1,"minecraft:beef":25,"minecraft:oak_boat":4,"minecraft:poppy":10,"minecraft:minecart":1,"minecraft:chest":3,"minecraft:sugar_cane":2,"minecraft:birch_sapling":3,"minecraft:egg":7,"minecraft:sandstone":18,"minecraft:oak_door":1,"minecraft:note_block":2,"minecraft:carrot":1,"minecraft:redstone":610,"minecraft:light_blue_bed":1,"minecraft:stone_pressure_plate":1,"minecraft:tnt":11,"minecraft:weeping_vines":6,"minecraft:arrow":45,"minecraft:jungle_stairs":2,"minecraft:hay_block":38,"minecraft:saddle":5,"minecraft:gold_ingot":6,"minecraft:rail":4,"minecraft:birch_leaves":19,"minecraft:basalt":14,"minecraft:crimson_stem":1,"minecraft:salmon":13,"minecraft:cut_sandstone":12,"minecraft:leather":10,"minecraft:birch_planks":12,"minecraft:oak_log":17,"minecraft:lily_pad":19,"minecraft:gunpowder":3,"minecraft:cobblestone_stairs":6,"minecraft:white_banner":3,"minecraft:apple":196,"plehemstruhtee:blind_artifact_ingot":1,"minecraft:iron_ingot":15,"minecraft:stone_pickaxe":5,"minecraft:iron_ore":235,"minecraft:glass_bottle":2,"minecraft:soul_sand":8,"minecraft:iron_sword":3,"minecraft:book":6,"minecraft:quartz":4,"minecraft:dandelion":1,"minecraft:gravel":10,"minecraft:spruce_sapling":2,"minecraft:white_bed":2,"minecraft:spruce_log":5,"minecraft:gold_ore":34,"minecraft:spider_eye":9,"minecraft:leather_helmet":2,"minecraft:slime_ball":20,"minecraft:stone_axe":4,"minecraft:dead_bubble_coral_block":1,"minecraft:iron_helmet":4,"minecraft:oak_button":4,"minecraft:dark_oak_wood":1,"minecraft:coal":164,"minecraft:hopper":3},"minecraft:killed_by":{"minecraft:zombie_villager":2,"minecraft:wither_skeleton":2,"minecraft:creeper":9,"minecraft:ravager":1,"minecraft:vindicator":5,"minecraft:piglin":2,"minecraft:silverfish":1,"minecraft:witch":6,"minecraft:zombie":13,"minecraft:vex":4,"plehemstruhtee:thornhug":5,"minecraft:player":8,"minecraft:spider":1,"minecraft:enderman":1,"minecraft:iron_golem":1,"minecraft:ender_dragon":1,"minecraft:slime":1,"minecraft:skeleton":12}},"DataVersion":2586}