{"stats":{"minecraft:broken":{"minecraft:iron_boots":1,"minecraft:iron_helmet":1},"minecraft:killed":{"plehemstruhtee:stage_3":4,"minecraft:spider":1,"minecraft:skeleton":6,"piratesandlootersreborn:armatnik":1,"minecraft:husk":4,"minecraft:pig":1,"minecraft:hoglin":2,"minecraft:creeper":3,"minecraft:zombie":10,"piratesandlootersreborn:pirate_skeleton_bomber":1,"minecraft:wither_skeleton":2},"minecraft:crafted":{"minecraft:oak_planks":52,"minecraft:bone_meal":42,"minecraft:acacia_fence":3,"byg:mahogany_planks":4,"minecraft:lead":2,"minecraft:bread":6,"minecraft:golden_apple":8,"minecraft:stick":8,"minecraft:gold_ingot":17,"minecraft:acacia_planks":20},"minecraft:picked_up":{"byg:mahogany_log":2,"minecraft:wheat":5,"minecraft:azure_bluet":2,"minecraft:leather_leggings":1,"minecraft:lead":7,"byg:tall_pink_allium":5,"minecraft:iron_shovel":1,"minecraft:sea_pickle":2,"minecraft:red_sand":1,"minecraft:gold_nugget":29,"minecraft:spruce_planks":3,"minecraft:dark_prismarine_stairs":10,"minecraft:iron_nugget":93,"minecraft:iron_boots":1,"minecraft:torch":2,"minecraft:acacia_log":5,"minecraft:porkchop":4,"minecraft:carrot":73,"minecraft:arrow":5,"minecraft:rotten_flesh":13,"byg:mahogany_sapling":1,"minecraft:hay_block":4,"minecraft:gold_ingot":22,"minecraft:cobblestone":78,"minecraft:leather":1,"minecraft:oak_log":13,"minecraft:yellow_bed":1,"minecraft:gunpowder":2,"minecraft:dirt":17,"minecraft:lantern":8,"minecraft:bone":3,"byg:red_oak_sapling":3,"minecraft:wheat_seeds":27,"plehemstruhtee:blind_artifact_ingot":3,"minecraft:iron_ingot":14,"minecraft:polished_andesite_slab":6,"minecraft:pumpkin":1,"minecraft:loom":1,"minecraft:spider_eye":1,"minecraft:mossy_cobblestone":16,"minecraft:polished_andesite":11,"byg:tall_allium":8,"minecraft:granite":6,"minecraft:terracotta":1},"minecraft:used":{"minecraft:rose_bush":1,"minecraft:enchanting_table":3,"minecraft:flint_and_steel":3,"minecraft:poppy":1,"minecraft:diamond_hoe":72,"minecraft:chest":19,"minecraft:spruce_planks":1,"minecraft:stone":2,"minecraft:iron_sword":10,"minecraft:oak_door":8,"minecraft:torch":50,"minecraft:brewing_stand":3,"minecraft:dirt":16,"minecraft:anvil":4,"piratesandlootersreborn:capitan_albrecht_spawn_egg":1,"plehemstruhtee:boopka_spawn_egg":3,"byg:mahogany_log":1,"minecraft:spruce_stairs":35,"minecraft:cobblestone_wall":33,"minecraft:carrot":105,"minecraft:acacia_sapling":1,"piratesandlootersreborn:kraken_spawn_egg":3,"piratesandlootersreborn:capitan_stachu_spawn_egg":1,"minecraft:spruce_fence":77,"piratesandlootersreborn:rozbitek_spawn_egg":2,"minecraft:oak_fence_gate":2,"minecraft:glass":11,"piratesandlootersreborn:hgt_spawn_egg":1,"minecraft:lava_bucket":1,"minecraft:bookshelf":227,"piratesandlootersreborn:spader_pirate_skeleton_spawn_egg":1,"minecraft:lantern":24,"minecraft:grass_block":340,"byg:red_oak_sapling":3,"piratesandlootersreborn:pirate_spader":20,"minecraft:stone_brick_stairs":54,"minecraft:melon_seeds":27,"piratesandlootersreborn:armatnik_spawn_egg":3,"piratesandlootersreborn:pirate_skeleton_bomber_spawn_egg":1,"minecraft:bow":51,"minecraft:hay_block":4,"minecraft:furnace":7,"minecraft:oak_sapling":1,"minecraft:gray_bed":2,"byg:therium_lantern":2,"minecraft:acacia_fence":1,"minecraft:polished_diorite_stairs":56,"minecraft:cooked_beef":23,"minecraft:acacia_planks":2,"minecraft:dark_prismarine_stairs":7,"minecraft:wheat_seeds":16,"minecraft:water_bucket":131,"minecraft:spruce_door":1,"minecraft:polished_andesite":11,"minecraft:oak_planks":41,"minecraft:ender_pearl":1,"minecraft:cauldron":4,"minecraft:beacon":3,"minecraft:diamond_axe":86,"minecraft:stonecutter":3,"minecraft:diamond_block":14,"minecraft:mossy_cobblestone":16,"byg:mahogany_sapling":1,"minecraft:terracotta":1,"minecraft:crafting_table":8,"minecraft:loom":1,"minecraft:blast_furnace":2,"minecraft:white_bed":4,"byg:tall_pink_allium":4,"minecraft:stone_brick_wall":99,"byg:mahogany_planks":4,"minecraft:oak_log":133,"minecraft:flower_pot":1,"minecraft:diamond_pickaxe":143,"byg:reed_thatch_stairs":2,"minecraft:bread":5,"byg:tall_allium":6,"minecraft:stone_slab":2,"byg:pendorite_sword":10,"minecraft:polished_andesite_slab":2,"minecraft:diamond_sword":118,"minecraft:coal_block":3,"minecraft:cobblestone":1309,"byg:cryptic_campfire":2,"minecraft:white_stained_glass":69,"minecraft:glass_pane":25,"minecraft:sea_pickle":2,"minecraft:jukebox":2,"minecraft:bone_meal":32},"minecraft:custom":{"minecraft:mob_kills":34,"minecraft:interact_with_anvil":2,"minecraft:interact_with_crafting_table":13,"minecraft:open_barrel":9,"minecraft:leave_game":27,"minecraft:time_since_death":81453,"minecraft:climb_one_cm":32842,"minecraft:sprint_one_cm":338596,"minecraft:walk_one_cm":601675,"minecraft:drop":41,"minecraft:talked_to_villager":6,"minecraft:deaths":7,"minecraft:sneak_time":7154,"minecraft:walk_under_water_one_cm":1067,"minecraft:jump":2109,"minecraft:interact_with_blast_furnace":2,"minecraft:walk_on_water_one_cm":11092,"minecraft:interact_with_furnace":2,"minecraft:play_one_minute":355342,"minecraft:interact_with_loom":2,"minecraft:pot_flower":1,"minecraft:sleep_in_bed":11,"minecraft:time_since_rest":32491,"minecraft:damage_taken":5968,"minecraft:damage_dealt":5877,"minecraft:swim_one_cm":2756,"minecraft:fly_one_cm":2462550,"minecraft:open_chest":109,"minecraft:crouch_one_cm":11979,"minecraft:fall_one_cm":87137,"minecraft:horse_one_cm":2083514},"minecraft:killed_by":{"minecraft:hoglin":2,"minecraft:skeleton":1},"minecraft:dropped":{"minecraft:iron_sword":2,"minecraft:wheat_seeds":1,"minecraft:cooked_beef":10,"minecraft:iron_helmet":3,"minecraft:lead":1,"minecraft:apple":3,"minecraft:saddle":7,"minecraft:dirt":1,"minecraft:torch":15,"minecraft:iron_leggings":2,"minecraft:iron_axe":2,"minecraft:iron_pickaxe":3,"minecraft:iron_shovel":2,"byg:tall_allium":2,"minecraft:iron_hoe":2,"minecraft:iron_boots":3,"minecraft:azure_bluet":1,"minecraft:iron_chestplate":2,"minecraft:enchanting_table":3},"minecraft:mined":{"minecraft:dark_prismarine_stairs":10,"minecraft:dark_prismarine":3,"minecraft:cobblestone_stairs":1,"byg:pink_allium_flower_bush":1,"minecraft:granite":6,"minecraft:acacia_log":6,"minecraft:grass_block":4,"minecraft:redstone_wire":1,"minecraft:polished_andesite_slab":6,"byg:mahogany_log":2,"minecraft:spawner":1,"minecraft:hay_block":4,"minecraft:carrots":39,"minecraft:stripped_spruce_log":1,"minecraft:pumpkin":1,"minecraft:azure_bluet":2,"minecraft:lantern":1,"byg:rainbow_eucalyptus_leaves":4,"byg:mahogany_leaves":24,"minecraft:stone":78,"minecraft:dead_bush":1,"minecraft:tall_grass":6,"minecraft:cobblestone":1,"byg:red_oak_sapling":1,"byg:mossy_stone":17,"minecraft:wheat":16,"byg:overgrown_stone":4,"minecraft:birch_leaves":1,"minecraft:grass":33,"minecraft:oak_log":17,"minecraft:mycelium":1,"minecraft:loom":1,"minecraft:dirt":11,"byg:tall_pink_allium":5,"minecraft:terracotta":1,"minecraft:polished_andesite":11,"byg:tall_allium":8,"minecraft:piston":1}},"DataVersion":2586}