{"stats":{"minecraft:custom":{"minecraft:interact_with_crafting_table":181,"minecraft:open_barrel":33,"minecraft:leave_game":10,"minecraft:time_since_death":28780,"minecraft:sprint_one_cm":2137955,"minecraft:drop":343,"minecraft:play_noteblock":12,"minecraft:talked_to_villager":24,"minecraft:deaths":36,"minecraft:jump":12801,"minecraft:interact_with_brewingstand":3,"minecraft:walk_on_water_one_cm":147171,"minecraft:enchant_item":8,"minecraft:interact_with_furnace":191,"minecraft:traded_with_villager":2,"minecraft:interact_with_cartography_table":7,"minecraft:play_one_minute":980544,"minecraft:sleep_in_bed":32,"minecraft:damage_dealt":26280,"minecraft:player_kills":7,"minecraft:crouch_one_cm":159377,"minecraft:horse_one_cm":428223,"minecraft:inspect_dropper":1,"minecraft:mob_kills":198,"minecraft:interact_with_anvil":2,"minecraft:inspect_hopper":11,"minecraft:climb_one_cm":9549,"minecraft:walk_one_cm":2719731,"minecraft:sneak_time":51400,"minecraft:walk_under_water_one_cm":63289,"minecraft:interact_with_blast_furnace":18,"minecraft:tune_noteblock":17,"minecraft:interact_with_grindstone":10,"minecraft:time_since_rest":28806,"minecraft:damage_taken":23718,"minecraft:minecart_one_cm":85280,"minecraft:swim_one_cm":82436,"minecraft:fly_one_cm":2141784,"minecraft:open_chest":553,"minecraft:aviate_one_cm":1117016,"minecraft:fall_one_cm":407600},"minecraft:mined":{"minecraft:dark_oak_planks":5,"minecraft:stone_pressure_plate":1,"minecraft:spruce_planks":11,"minecraft:oak_sapling":6,"minecraft:farmland":9,"minecraft:cobblestone_stairs":18,"minecraft:potted_cactus":3,"minecraft:brewing_stand":2,"minecraft:obsidian":4,"minecraft:granite":43,"minecraft:acacia_log":39,"minecraft:grass_block":541,"minecraft:hopper":3,"minecraft:smooth_stone":2,"minecraft:barrel":4,"minecraft:iron_ore":175,"minecraft:fire":50,"minecraft:anvil":1,"minecraft:tripwire":1,"minecraft:jungle_trapdoor":4,"minecraft:cut_sandstone":8,"minecraft:red_bed":1,"minecraft:note_block":6,"minecraft:torch":32,"minecraft:dark_oak_wood":3,"minecraft:blast_furnace":2,"minecraft:poppy":7,"minecraft:melon":14,"minecraft:chest":2,"minecraft:glass":16,"minecraft:cobblestone":272,"minecraft:cyan_bed":1,"minecraft:grindstone":1,"minecraft:oak_planks":51,"minecraft:bricks":1,"minecraft:wall_torch":27,"minecraft:seagrass":4,"minecraft:acacia_sapling":4,"minecraft:blue_terracotta":1,"minecraft:powered_rail":1,"minecraft:birch_log":74,"minecraft:wheat":560,"minecraft:magenta_bed":4,"minecraft:tnt":18,"minecraft:grass":52,"minecraft:oak_log":211,"minecraft:oak_fence_gate":5,"minecraft:sand":211,"minecraft:dirt":533,"minecraft:crimson_planks":5,"minecraft:redstone_lamp":1,"minecraft:oak_leaves":106,"minecraft:diamond_ore":17,"minecraft:oak_door":2,"minecraft:dark_oak_log":27,"minecraft:jack_o_lantern":2,"minecraft:ladder":6,"minecraft:birch_fence_gate":1,"minecraft:jungle_planks":4,"minecraft:spruce_leaves":22,"minecraft:cartography_table":2,"minecraft:sandstone":3,"minecraft:hay_block":31,"minecraft:redstone_ore":29,"minecraft:furnace":7,"minecraft:snow":15,"minecraft:andesite":85,"minecraft:white_glazed_terracotta":8,"minecraft:bell":1,"minecraft:bookshelf":9,"minecraft:vine":1,"minecraft:rail":7,"minecraft:lantern":1,"minecraft:stone":1749,"minecraft:acacia_leaves":8,"minecraft:redstone_block":1,"minecraft:oak_fence":13,"minecraft:smooth_sandstone":6,"minecraft:crafting_table":8,"minecraft:emerald_ore":5,"minecraft:andesite_wall":2,"minecraft:lectern":7,"minecraft:tall_grass":17,"minecraft:lapis_ore":16,"minecraft:lily_pad":1,"minecraft:diorite":93,"minecraft:birch_planks":35,"minecraft:cactus":9,"minecraft:light_blue_bed":2,"minecraft:cobblestone_wall":37,"minecraft:ice":17,"minecraft:spruce_log":68,"minecraft:birch_leaves":16,"minecraft:grass_path":1,"minecraft:coal_ore":188,"minecraft:gravel":5,"minecraft:acacia_planks":32,"minecraft:polished_andesite":15,"minecraft:gold_ore":24,"minecraft:iron_trapdoor":1,"minecraft:birch_fence":1},"minecraft:killed":{"minecraft:zombified_piglin":2,"minecraft:witch":1,"minecraft:spider":10,"minecraft:skeleton":20,"minecraft:fox":2,"minecraft:chicken":15,"minecraft:silverfish":2,"minecraft:pig":33,"minecraft:zombie_villager":1,"minecraft:salmon":5,"minecraft:creeper":1,"minecraft:sheep":8,"minecraft:trader_llama":2,"minecraft:pillager":10,"minecraft:zombie":47,"plehemstruhtee:thornhug":1,"minecraft:cow":7,"minecraft:slime":12,"minecraft:drowned":1,"minecraft:rabbit":2,"minecraft:squid":2},"minecraft:used":{"minecraft:blue_terracotta":2,"minecraft:iron_shovel":844,"minecraft:carrot_on_a_stick":1,"minecraft:poppy":5,"minecraft:shield":10,"minecraft:chest":19,"minecraft:iron_sword":733,"minecraft:bell":2,"minecraft:rotten_flesh":7,"minecraft:mutton":3,"minecraft:jungle_planks":4,"minecraft:carrot":8,"minecraft:acacia_sapling":8,"minecraft:snowball":115,"minecraft:glass":243,"minecraft:lava_bucket":16,"minecraft:bricks":1,"minecraft:lantern":2,"minecraft:birch_sapling":2,"minecraft:light_blue_bed":3,"minecraft:golden_sword":26,"minecraft:redstone_lamp":1,"minecraft:magma_block":2,"minecraft:bow":43,"minecraft:hay_block":20,"minecraft:oak_sapling":25,"minecraft:furnace":22,"minecraft:egg":55,"minecraft:potato":10,"minecraft:diorite":98,"minecraft:spruce_door":2,"minecraft:birch_leaves":6,"minecraft:stone_pickaxe":353,"minecraft:oak_planks":365,"minecraft:cactus":24,"minecraft:ender_pearl":1,"minecraft:wooden_pickaxe":23,"minecraft:diamond_axe":301,"minecraft:oak_leaves":38,"minecraft:golden_hoe":39,"minecraft:sand":46,"minecraft:blast_furnace":2,"minecraft:crossbow":11,"minecraft:note_block":4,"minecraft:birch_fence":4,"minecraft:redstone_torch":1,"minecraft:firework_rocket":2,"minecraft:birch_fence_gate":3,"minecraft:brown_wool":1,"minecraft:melon_slice":18,"minecraft:bread":165,"minecraft:cyan_bed":1,"minecraft:lectern":7,"minecraft:gravel":8,"minecraft:diamond_sword":206,"minecraft:grindstone":1,"minecraft:bubble_coral_block":1,"minecraft:cooked_rabbit":2,"minecraft:andesite":113,"minecraft:birch_log":8,"minecraft:tropical_fish_bucket":1,"minecraft:bone_meal":176,"minecraft:golden_pickaxe":42,"minecraft:oak_fence":24,"minecraft:enchanting_table":1,"minecraft:stone_sword":137,"minecraft:flint_and_steel":2,"minecraft:spruce_planks":212,"minecraft:cooked_salmon":2,"minecraft:cooked_chicken":8,"minecraft:oak_door":6,"minecraft:torch":454,"minecraft:brewing_stand":2,"minecraft:dirt":767,"minecraft:anvil":1,"minecraft:hopper":4,"minecraft:spruce_stairs":16,"minecraft:cobblestone_wall":263,"minecraft:golden_shovel":96,"minecraft:granite":32,"minecraft:oak_fence_gate":13,"minecraft:iron_hoe":242,"minecraft:dark_oak_planks":125,"minecraft:wooden_axe":32,"minecraft:bookshelf":8,"minecraft:iron_axe":326,"minecraft:oak_stairs":12,"minecraft:smooth_sandstone":8,"minecraft:crimson_planks":4,"minecraft:barrel":1,"minecraft:cooked_beef":15,"minecraft:dead_bubble_coral_block":1,"minecraft:acacia_planks":173,"minecraft:golden_axe":24,"minecraft:wheat_seeds":688,"minecraft:cooked_mutton":3,"minecraft:water_bucket":102,"minecraft:cobblestone_stairs":50,"minecraft:birch_planks":235,"minecraft:lead":4,"minecraft:polished_andesite":15,"minecraft:cartography_table":1,"minecraft:cut_sandstone":4,"minecraft:gold_ore":4,"minecraft:mossy_cobblestone":1,"minecraft:rail":7,"minecraft:tnt":10,"minecraft:crafting_table":24,"minecraft:red_bed":2,"minecraft:magenta_bed":5,"minecraft:white_bed":2,"minecraft:dark_oak_fence_gate":1,"minecraft:oak_log":20,"minecraft:flower_pot":3,"minecraft:diamond_pickaxe":655,"minecraft:apple":1,"minecraft:chicken":3,"minecraft:iron_pickaxe":1845,"minecraft:spruce_sapling":4,"minecraft:stone_axe":114,"minecraft:cobblestone":1965,"minecraft:potion":1,"minecraft:porkchop":7,"minecraft:white_banner":1,"minecraft:cooked_porkchop":42,"minecraft:bucket":120,"minecraft:smooth_stone":1,"minecraft:birch_stairs":4},"minecraft:broken":{"minecraft:golden_helmet":1,"minecraft:iron_shovel":3,"minecraft:iron_boots":2,"minecraft:iron_chestplate":2,"minecraft:golden_shovel":3,"minecraft:iron_leggings":3,"minecraft:stone_pickaxe":3,"minecraft:iron_sword":1,"minecraft:golden_hoe":1,"minecraft:stone_sword":1,"minecraft:golden_axe":1,"minecraft:iron_axe":1,"minecraft:iron_pickaxe":5,"minecraft:iron_helmet":3,"minecraft:golden_pickaxe":1},"minecraft:killed_by":{"minecraft:zombie_villager":2,"minecraft:zombified_piglin":1,"minecraft:creeper":4,"minecraft:pillager":4,"minecraft:witch":1,"minecraft:zombie":5,"minecraft:player":3,"minecraft:enderman":1,"minecraft:ender_dragon":1,"minecraft:skeleton":4},"minecraft:crafted":{"minecraft:oak_planks":660,"minecraft:cooked_chicken":8,"minecraft:cobblestone_stairs":36,"minecraft:bookshelf":8,"minecraft:cooked_mutton":3,"minecraft:glass":190,"minecraft:bow":2,"minecraft:iron_boots":3,"minecraft:birch_fence_gate":3,"minecraft:chest":17,"minecraft:oak_fence":12,"minecraft:bubble_coral_block":1,"minecraft:cooked_porkchop":45,"minecraft:diamond_axe":1,"minecraft:crafting_table":14,"minecraft:spruce_planks":264,"minecraft:wooden_pickaxe":2,"minecraft:iron_helmet":4,"minecraft:spruce_door":3,"minecraft:birch_planks":264,"minecraft:tropical_fish_bucket":1,"minecraft:iron_chestplate":4,"minecraft:diamond_pickaxe":1,"minecraft:birch_fence":3,"minecraft:stick":248,"minecraft:iron_ingot":162,"minecraft:iron_pickaxe":9,"minecraft:stone_sword":1,"minecraft:gold_ingot":48,"minecraft:redstone_torch":1,"minecraft:birch_stairs":4,"minecraft:dark_oak_fence_gate":1,"minecraft:oak_door":6,"minecraft:leather_boots":1,"minecraft:golden_chestplate":1,"minecraft:furnace":15,"minecraft:bone_meal":180,"minecraft:spruce_stairs":16,"minecraft:iron_axe":3,"minecraft:iron_hoe":2,"minecraft:stone_pickaxe":2,"minecraft:cobblestone_wall":294,"minecraft:diamond_boots":1,"minecraft:dark_oak_planks":136,"minecraft:wheat":81,"minecraft:cooked_beef":10,"minecraft:diamond_sword":2,"minecraft:enchanting_table":1,"minecraft:iron_sword":2,"minecraft:cooked_salmon":2,"minecraft:golden_shovel":3,"minecraft:bucket":3,"minecraft:stone_axe":1,"minecraft:bread":195,"minecraft:air":0,"minecraft:oak_fence_gate":8,"minecraft:wooden_axe":2,"minecraft:oak_stairs":12,"minecraft:iron_shovel":5,"minecraft:iron_leggings":4,"minecraft:white_bed":2,"minecraft:acacia_planks":164,"minecraft:torch":324},"minecraft:dropped":{"minecraft:iron_sword":3,"minecraft:oak_log":14,"minecraft:glass_bottle":3,"minecraft:ender_pearl":1,"minecraft:cooked_porkchop":8,"minecraft:saddle":1,"minecraft:emerald":1,"minecraft:dirt":7,"minecraft:snowball":3,"minecraft:bone_meal":10,"minecraft:iron_pickaxe":2,"minecraft:gold_ingot":21,"minecraft:stone_axe":2,"minecraft:wheat":7,"minecraft:rotten_flesh":8,"minecraft:oak_planks":68,"minecraft:poppy":1,"minecraft:leather_chestplate":2,"minecraft:gunpowder":2,"minecraft:ladder":5,"minecraft:leather_boots":1,"minecraft:acacia_sapling":3,"minecraft:iron_ore":20,"minecraft:arrow":8,"minecraft:glass":15,"minecraft:egg":28,"minecraft:iron_ingot":47,"minecraft:bread":41,"minecraft:wheat_seeds":73,"minecraft:iron_helmet":2,"minecraft:cobblestone":110,"minecraft:lead":2,"minecraft:book":6,"minecraft:coal":75,"minecraft:stick":34,"minecraft:diamond_horse_armor":1,"minecraft:diorite":1,"minecraft:ink_sac":3,"minecraft:torch":56,"minecraft:wooden_axe":1,"minecraft:melon_slice":13,"minecraft:cooked_salmon":8,"minecraft:potion":2,"minecraft:iron_leggings":5,"minecraft:cactus":6,"minecraft:smooth_stone":2,"minecraft:string":25,"minecraft:bucket":1,"minecraft:redstone":65,"minecraft:chicken":3,"minecraft:iron_boots":1,"minecraft:diamond_sword":2,"minecraft:hay_block":1,"minecraft:iron_chestplate":2,"minecraft:oak_sapling":1,"minecraft:golden_sword":1,"minecraft:bow":3,"minecraft:stone_pickaxe":4,"minecraft:wooden_pickaxe":1},"minecraft:picked_up":{"minecraft:iron_chestplate":2,"minecraft:wheat":452,"minecraft:iron_trapdoor":1,"minecraft:flower_pot":3,"minecraft:anvil":1,"minecraft:lead":14,"minecraft:diamond_sword":2,"minecraft:crimson_planks":4,"minecraft:brewing_stand":2,"minecraft:golden_sword":1,"minecraft:string":60,"minecraft:dark_oak_trapdoor":1,"minecraft:cooked_salmon":3,"minecraft:iron_leggings":6,"minecraft:gold_nugget":30,"minecraft:smooth_stone":3,"minecraft:bucket":2,"minecraft:spruce_planks":13,"minecraft:melon_slice":56,"minecraft:furnace":7,"minecraft:white_glazed_terracotta":7,"minecraft:stick":13,"minecraft:oak_fence":12,"minecraft:torch":77,"minecraft:acacia_log":38,"minecraft:porkchop":61,"minecraft:diorite":93,"minecraft:golden_chestplate":1,"minecraft:rabbit_foot":1,"minecraft:cactus":32,"minecraft:rotten_flesh":76,"minecraft:tropical_fish":2,"minecraft:obsidian":4,"minecraft:iron_bars":2,"minecraft:snowball":74,"minecraft:cobblestone":2001,"minecraft:birch_log":74,"minecraft:leather_chestplate":2,"minecraft:feather":10,"minecraft:andesite":85,"minecraft:potato":2,"minecraft:magenta_bed":4,"minecraft:lapis_lazuli":91,"minecraft:dirt":902,"minecraft:bone":88,"minecraft:acacia_planks":32,"minecraft:bow":2,"minecraft:wheat_seeds":1337,"minecraft:bell":2,"minecraft:grindstone":1,"minecraft:rabbit":2,"minecraft:powered_rail":1,"minecraft:oak_planks":83,"minecraft:cooked_porkchop":10,"minecraft:birch_fence_gate":1,"minecraft:jungle_planks":57,"minecraft:sand":228,"minecraft:ink_sac":10,"minecraft:fermented_spider_eye":4,"minecraft:cyan_bed":1,"minecraft:barrel":4,"minecraft:dark_oak_log":20,"minecraft:mossy_cobblestone":1,"minecraft:iron_hoe":1,"minecraft:polished_andesite":15,"minecraft:blue_terracotta":1,"minecraft:diamond":16,"minecraft:granite":41,"minecraft:bone_meal":4,"minecraft:emerald":38,"minecraft:jack_o_lantern":1,"minecraft:oak_sapling":16,"minecraft:bricks":1,"minecraft:oak_leaves":205,"minecraft:diamond_pickaxe":1,"minecraft:crafting_table":7,"minecraft:chicken":14,"minecraft:ladder":5,"minecraft:redstone_lamp":1,"minecraft:diamond_horse_armor":1,"minecraft:shield":1,"minecraft:jungle_trapdoor":4,"minecraft:red_bed":2,"minecraft:elytra":3,"minecraft:flint_and_steel":1,"minecraft:birch_fence":1,"minecraft:cartography_table":2,"minecraft:beef":10,"minecraft:poppy":10,"minecraft:lectern":7,"minecraft:chest":2,"minecraft:birch_sapling":1,"minecraft:piston":3,"minecraft:egg":82,"minecraft:sandstone":5,"minecraft:oak_door":2,"minecraft:note_block":4,"minecraft:carrot":1,"minecraft:redstone":134,"minecraft:light_blue_bed":2,"minecraft:dark_oak_planks":5,"minecraft:tnt":14,"minecraft:arrow":38,"minecraft:golden_hoe":1,"minecraft:hay_block":29,"minecraft:saddle":3,"minecraft:mutton":11,"minecraft:rail":9,"minecraft:white_wool":6,"minecraft:birch_leaves":6,"minecraft:salmon":3,"minecraft:cut_sandstone":2,"minecraft:leather":13,"minecraft:birch_planks":31,"minecraft:oak_log":205,"minecraft:lily_pad":1,"minecraft:gunpowder":9,"minecraft:cobblestone_wall":39,"minecraft:cobblestone_stairs":18,"minecraft:white_banner":1,"minecraft:smooth_sandstone":6,"minecraft:apple":4,"minecraft:iron_ingot":23,"minecraft:rabbit_hide":2,"minecraft:oak_fence_gate":5,"minecraft:stone_pickaxe":2,"minecraft:iron_ore":183,"minecraft:glass_bottle":4,"minecraft:iron_sword":2,"minecraft:acacia_sapling":8,"minecraft:book":27,"minecraft:gravel":5,"minecraft:lava_bucket":1,"minecraft:spruce_sapling":4,"minecraft:blast_furnace":2,"minecraft:spruce_log":66,"minecraft:gold_ore":24,"minecraft:spider_eye":3,"minecraft:firework_rocket":64,"minecraft:slime_ball":4,"minecraft:gray_wool":1,"minecraft:black_wool":1,"minecraft:dark_oak_wood":8,"minecraft:coal":207,"minecraft:hopper":4,"minecraft:ender_pearl":1}},"DataVersion":2586}