{"stats":{"minecraft:custom":{"minecraft:jump":9,"minecraft:open_chest":3,"minecraft:time_since_rest":15840,"minecraft:play_one_minute":15939,"minecraft:crouch_one_cm":16,"minecraft:damage_taken":420,"minecraft:leave_game":3,"minecraft:time_since_death":15206,"minecraft:walk_one_cm":1575,"minecraft:walk_on_water_one_cm":443,"minecraft:deaths":1,"minecraft:sneak_time":640,"minecraft:climb_one_cm":259,"minecraft:walk_under_water_one_cm":2107,"minecraft:fall_one_cm":4462,"minecraft:fly_one_cm":753705}},"DataVersion":2586}