{"stats":{"minecraft:used":{"minecraft:jack_o_lantern":8,"minecraft:blue_terracotta":2,"minecraft:iron_shovel":898,"minecraft:spruce_slab":2,"minecraft:carrot_on_a_stick":1,"minecraft:oak_sign":4,"minecraft:poppy":5,"minecraft:shield":14,"minecraft:chest":29,"minecraft:iron_sword":733,"minecraft:bell":4,"minecraft:rotten_flesh":7,"minecraft:mutton":3,"minecraft:jungle_planks":4,"minecraft:carrot":8,"minecraft:acacia_sapling":8,"minecraft:snowball":115,"minecraft:glass":243,"minecraft:lava_bucket":16,"minecraft:bricks":1,"minecraft:lantern":5,"minecraft:birch_sapling":2,"minecraft:light_blue_bed":3,"minecraft:golden_sword":26,"minecraft:redstone_lamp":1,"minecraft:magma_block":2,"minecraft:bow":43,"minecraft:hay_block":20,"minecraft:oak_sapling":29,"minecraft:furnace":24,"minecraft:egg":55,"minecraft:potato":16,"minecraft:diorite":98,"minecraft:spruce_door":5,"minecraft:dropper":1,"minecraft:birch_leaves":6,"minecraft:stone_pickaxe":353,"minecraft:oak_planks":372,"minecraft:cactus":24,"minecraft:ender_pearl":1,"minecraft:wooden_pickaxe":23,"minecraft:diamond_axe":301,"minecraft:oak_leaves":59,"minecraft:golden_apple":5,"minecraft:golden_hoe":39,"minecraft:sand":46,"minecraft:blast_furnace":4,"minecraft:crossbow":22,"minecraft:note_block":4,"minecraft:birch_fence":4,"minecraft:sticky_piston":6,"minecraft:redstone_torch":1,"minecraft:lever":5,"minecraft:firework_rocket":6,"minecraft:birch_fence_gate":3,"minecraft:melon_slice":18,"minecraft:bread":187,"minecraft:cyan_bed":1,"minecraft:brown_wool":1,"minecraft:lectern":7,"minecraft:gravel":12,"minecraft:soul_lantern":1,"minecraft:diamond_sword":423,"minecraft:grindstone":3,"minecraft:bubble_coral_block":1,"minecraft:cooked_rabbit":2,"minecraft:andesite":113,"minecraft:birch_log":9,"minecraft:tropical_fish_bucket":1,"minecraft:golden_pickaxe":42,"minecraft:bone_meal":176,"minecraft:oak_fence":25,"minecraft:enchanting_table":1,"minecraft:stone_sword":137,"minecraft:flint_and_steel":2,"minecraft:carved_pumpkin":19,"minecraft:redstone":15,"minecraft:spruce_planks":212,"minecraft:netherrack":227,"minecraft:cooked_salmon":2,"minecraft:cooked_chicken":8,"minecraft:oak_door":10,"minecraft:torch":478,"minecraft:brewing_stand":6,"minecraft:dirt":806,"minecraft:anvil":2,"minecraft:hopper":6,"minecraft:spruce_stairs":16,"minecraft:cobblestone_wall":263,"minecraft:golden_shovel":96,"minecraft:granite":32,"minecraft:oak_fence_gate":16,"minecraft:iron_hoe":242,"minecraft:dark_oak_planks":125,"minecraft:wooden_axe":32,"minecraft:bookshelf":8,"minecraft:iron_axe":427,"minecraft:oak_stairs":12,"minecraft:smooth_sandstone":8,"minecraft:barrel":1,"minecraft:crimson_planks":4,"minecraft:basalt":1,"minecraft:cooked_beef":20,"minecraft:dead_bubble_coral_block":1,"minecraft:acacia_planks":173,"minecraft:enchanted_golden_apple":13,"minecraft:golden_axe":24,"minecraft:wheat_seeds":835,"minecraft:cooked_mutton":9,"minecraft:water_bucket":102,"minecraft:cobblestone_stairs":60,"minecraft:birch_planks":255,"minecraft:lead":4,"minecraft:polished_andesite":15,"minecraft:baked_potato":1,"minecraft:cartography_table":1,"minecraft:cut_sandstone":4,"minecraft:cauldron":2,"minecraft:stonecutter":2,"minecraft:gold_ore":4,"minecraft:mossy_cobblestone":1,"minecraft:birch_sign":3,"minecraft:rail":7,"minecraft:magenta_bed":5,"minecraft:tnt":10,"minecraft:crafting_table":24,"minecraft:red_bed":2,"minecraft:white_bed":2,"minecraft:dark_oak_fence_gate":1,"minecraft:oak_log":20,"minecraft:flower_pot":6,"minecraft:diamond_pickaxe":716,"minecraft:apple":1,"minecraft:chicken":3,"minecraft:oak_button":3,"minecraft:iron_pickaxe":2235,"minecraft:spruce_sapling":4,"minecraft:stone_axe":114,"minecraft:cobblestone":2036,"minecraft:potion":1,"minecraft:porkchop":7,"minecraft:white_banner":7,"minecraft:cooked_porkchop":42,"minecraft:bucket":120,"minecraft:smooth_stone":1,"minecraft:birch_stairs":4},"minecraft:killed":{"minecraft:zombified_piglin":6,"minecraft:witch":1,"minecraft:spider":10,"minecraft:skeleton":21,"minecraft:fox":2,"minecraft:chicken":15,"minecraft:silverfish":2,"minecraft:magma_cube":6,"minecraft:piglin":1,"minecraft:pig":34,"minecraft:zombie_villager":1,"minecraft:salmon":5,"minecraft:creeper":1,"minecraft:sheep":8,"minecraft:trader_llama":2,"minecraft:pillager":14,"minecraft:zombie":48,"plehemstruhtee:thornhug":2,"minecraft:blaze":7,"minecraft:cow":10,"minecraft:vex":1,"minecraft:vindicator":1,"minecraft:slime":12,"minecraft:drowned":1,"minecraft:husk":1,"minecraft:rabbit":2,"minecraft:hoglin":5,"minecraft:squid":2,"minecraft:wither_skeleton":7},"minecraft:broken":{"minecraft:golden_helmet":1,"minecraft:iron_shovel":4,"minecraft:diamond_helmet":1,"minecraft:iron_boots":3,"minecraft:iron_chestplate":2,"minecraft:golden_shovel":3,"minecraft:iron_leggings":4,"minecraft:stone_pickaxe":3,"minecraft:diamond_boots":1,"minecraft:iron_sword":1,"minecraft:golden_hoe":1,"minecraft:stone_sword":1,"minecraft:golden_axe":1,"minecraft:iron_axe":1,"minecraft:iron_pickaxe":7,"minecraft:iron_helmet":4,"minecraft:golden_pickaxe":1},"minecraft:dropped":{"minecraft:iron_sword":3,"minecraft:oak_log":14,"minecraft:ender_pearl":1,"minecraft:glass_bottle":3,"minecraft:cooked_porkchop":8,"minecraft:saddle":1,"minecraft:elytra":4,"minecraft:emerald":1,"minecraft:dirt":7,"minecraft:crimson_roots":1,"minecraft:snowball":3,"minecraft:gold_nugget":14,"minecraft:bone_meal":10,"minecraft:iron_pickaxe":4,"minecraft:gold_ingot":22,"minecraft:stone_axe":2,"minecraft:compass":1,"minecraft:wheat":7,"minecraft:rotten_flesh":28,"minecraft:enchanted_golden_apple":3,"minecraft:oak_planks":68,"minecraft:sandstone_wall":1,"minecraft:poppy":1,"minecraft:leather_chestplate":3,"minecraft:gunpowder":2,"minecraft:leather_boots":2,"minecraft:acacia_sapling":3,"minecraft:ladder":5,"minecraft:leather_leggings":1,"minecraft:iron_ore":20,"minecraft:arrow":8,"minecraft:glass":15,"minecraft:egg":28,"minecraft:iron_ingot":47,"minecraft:bread":99,"minecraft:wheat_seeds":74,"minecraft:tnt":2,"minecraft:book":6,"minecraft:iron_helmet":2,"minecraft:cobblestone":110,"minecraft:lead":2,"minecraft:apple":192,"minecraft:golden_apple":1,"minecraft:coal":75,"minecraft:stick":36,"minecraft:diamond_horse_armor":1,"minecraft:iron_block":18,"minecraft:diorite":1,"minecraft:ink_sac":3,"minecraft:torch":56,"minecraft:wooden_axe":1,"minecraft:melon_slice":13,"minecraft:cooked_salmon":8,"minecraft:potion":2,"minecraft:iron_leggings":5,"minecraft:music_disc_strad":1,"minecraft:cactus":6,"minecraft:smooth_stone":2,"minecraft:string":25,"minecraft:bucket":1,"minecraft:redstone":65,"minecraft:stone_sword":1,"minecraft:chicken":3,"minecraft:iron_boots":1,"minecraft:spruce_fence":2,"minecraft:filled_map":1,"minecraft:diamond_sword":2,"minecraft:hay_block":1,"minecraft:shield":3,"minecraft:oak_button":1,"minecraft:iron_chestplate":3,"minecraft:oak_sapling":1,"minecraft:golden_sword":1,"minecraft:carved_pumpkin":3,"minecraft:bow":3,"minecraft:stone_pickaxe":5,"minecraft:wooden_pickaxe":1},"minecraft:crafted":{"minecraft:oak_planks":668,"minecraft:oak_sign":3,"minecraft:cooked_chicken":12,"minecraft:cobblestone_stairs":37,"minecraft:lever":2,"minecraft:bookshelf":8,"minecraft:cooked_mutton":8,"minecraft:glass":190,"minecraft:bow":2,"minecraft:iron_boots":3,"minecraft:birch_fence_gate":3,"minecraft:chest":26,"minecraft:oak_button":1,"minecraft:oak_fence":12,"minecraft:bubble_coral_block":1,"minecraft:cooked_porkchop":46,"minecraft:diamond_axe":1,"minecraft:crafting_table":14,"minecraft:spruce_planks":264,"minecraft:baked_potato":5,"minecraft:wooden_pickaxe":2,"minecraft:iron_helmet":4,"minecraft:spruce_door":3,"minecraft:sticky_piston":3,"minecraft:birch_planks":348,"minecraft:tropical_fish_bucket":1,"minecraft:iron_chestplate":5,"minecraft:diamond_pickaxe":1,"minecraft:birch_fence":3,"minecraft:stick":248,"minecraft:iron_ingot":162,"minecraft:iron_pickaxe":9,"minecraft:stone_sword":1,"minecraft:gold_ingot":64,"minecraft:redstone_torch":1,"minecraft:dark_oak_fence_gate":1,"minecraft:birch_stairs":4,"minecraft:oak_door":6,"minecraft:leather_boots":1,"minecraft:golden_chestplate":1,"minecraft:furnace":15,"minecraft:jack_o_lantern":8,"minecraft:bone_meal":228,"minecraft:spruce_stairs":16,"minecraft:iron_axe":3,"minecraft:iron_hoe":2,"minecraft:cobblestone_wall":294,"minecraft:stone_pickaxe":2,"minecraft:diamond_boots":1,"minecraft:dark_oak_planks":136,"minecraft:birch_sign":3,"minecraft:glistering_melon_slice":4,"minecraft:wheat":81,"minecraft:cooked_beef":15,"minecraft:diamond_sword":2,"minecraft:enchanting_table":1,"minecraft:iron_sword":2,"minecraft:cooked_salmon":2,"minecraft:golden_shovel":3,"minecraft:bucket":3,"minecraft:stone_axe":1,"minecraft:bread":217,"minecraft:air":0,"minecraft:oak_fence_gate":8,"minecraft:golden_apple":6,"minecraft:oak_stairs":12,"minecraft:wooden_axe":2,"minecraft:iron_shovel":5,"minecraft:iron_leggings":4,"minecraft:white_bed":2,"minecraft:acacia_planks":164,"minecraft:torch":348},"minecraft:custom":{"minecraft:interact_with_crafting_table":208,"minecraft:open_barrel":34,"minecraft:bell_ring":14,"minecraft:leave_game":13,"minecraft:time_since_death":10528,"minecraft:damage_resisted":764,"minecraft:sprint_one_cm":2601137,"minecraft:drop":434,"minecraft:play_noteblock":14,"minecraft:talked_to_villager":37,"minecraft:deaths":42,"minecraft:jump":14964,"minecraft:interact_with_brewingstand":3,"minecraft:walk_on_water_one_cm":153542,"minecraft:enchant_item":8,"minecraft:interact_with_furnace":204,"minecraft:traded_with_villager":2,"minecraft:interact_with_cartography_table":7,"minecraft:play_one_minute":1166920,"minecraft:sleep_in_bed":34,"minecraft:damage_dealt":37524,"minecraft:player_kills":9,"minecraft:crouch_one_cm":191369,"minecraft:horse_one_cm":433396,"minecraft:inspect_dropper":1,"minecraft:interact_with_anvil":10,"minecraft:mob_kills":248,"minecraft:inspect_hopper":13,"minecraft:climb_one_cm":11565,"minecraft:walk_one_cm":3267936,"minecraft:sneak_time":60890,"minecraft:walk_under_water_one_cm":69167,"minecraft:interact_with_blast_furnace":18,"minecraft:tune_noteblock":31,"minecraft:pot_flower":3,"minecraft:interact_with_stonecutter":2,"minecraft:interact_with_grindstone":11,"minecraft:time_since_rest":10553,"minecraft:damage_absorbed":1716,"minecraft:damage_taken":28318,"minecraft:minecart_one_cm":274973,"minecraft:swim_one_cm":98078,"minecraft:fly_one_cm":2524499,"minecraft:open_chest":739,"minecraft:aviate_one_cm":2686938,"minecraft:fall_one_cm":475406},"minecraft:mined":{"minecraft:dark_oak_planks":5,"minecraft:spruce_planks":21,"minecraft:stone_pressure_plate":1,"minecraft:oak_sapling":6,"minecraft:farmland":9,"minecraft:cobblestone_stairs":20,"minecraft:potted_cactus":3,"minecraft:brewing_stand":6,"minecraft:carved_pumpkin":13,"minecraft:obsidian":4,"minecraft:granite":43,"minecraft:acacia_log":41,"minecraft:grass_block":563,"minecraft:hopper":3,"minecraft:oak_wall_sign":1,"minecraft:spawner":2,"minecraft:smooth_stone":2,"minecraft:sticky_piston":3,"minecraft:iron_ore":183,"minecraft:barrel":4,"minecraft:fire":65,"minecraft:anvil":1,"minecraft:oak_stairs":1,"minecraft:spruce_slab":4,"minecraft:tripwire":1,"minecraft:jungle_trapdoor":4,"minecraft:cut_sandstone":8,"minecraft:red_bed":1,"minecraft:soul_lantern":1,"minecraft:torch":35,"minecraft:note_block":6,"minecraft:dark_oak_wood":3,"minecraft:blast_furnace":4,"minecraft:poppy":9,"minecraft:melon":14,"minecraft:chest":2,"minecraft:nether_quartz_ore":10,"minecraft:glass":16,"minecraft:cobblestone":288,"minecraft:cyan_bed":1,"minecraft:grindstone":3,"minecraft:oak_planks":54,"minecraft:bricks":1,"minecraft:wall_torch":33,"minecraft:seagrass":4,"minecraft:blue_terracotta":1,"minecraft:acacia_sapling":4,"minecraft:powered_rail":1,"minecraft:birch_log":102,"minecraft:wheat":706,"minecraft:magenta_bed":4,"minecraft:tnt":19,"minecraft:yellow_stained_glass_pane":1,"minecraft:grass":59,"minecraft:oak_log":213,"minecraft:oak_fence_gate":8,"minecraft:sand":214,"minecraft:dirt":622,"minecraft:crimson_planks":5,"minecraft:stonecutter":2,"minecraft:netherrack":303,"minecraft:oak_leaves":112,"minecraft:redstone_lamp":1,"minecraft:nether_gold_ore":3,"minecraft:diamond_ore":17,"minecraft:oak_door":4,"minecraft:dark_oak_log":27,"minecraft:jack_o_lantern":2,"minecraft:nether_bricks":26,"minecraft:lever":3,"minecraft:birch_fence_gate":2,"minecraft:ladder":6,"minecraft:spruce_fence":1,"minecraft:jungle_planks":8,"minecraft:crimson_roots":4,"minecraft:redstone_wire":10,"minecraft:spruce_leaves":22,"minecraft:cartography_table":2,"minecraft:sandstone":3,"minecraft:hay_block":31,"minecraft:redstone_ore":29,"minecraft:furnace":9,"minecraft:snow":15,"minecraft:andesite":93,"minecraft:white_glazed_terracotta":8,"minecraft:bell":3,"minecraft:bookshelf":9,"minecraft:vine":1,"minecraft:rail":7,"minecraft:lantern":4,"minecraft:stone":1776,"minecraft:acacia_leaves":8,"minecraft:redstone_block":1,"minecraft:basalt":7,"minecraft:spruce_door":2,"minecraft:oak_fence":14,"minecraft:smooth_sandstone":6,"minecraft:crafting_table":8,"minecraft:emerald_ore":5,"minecraft:dropper":1,"minecraft:lectern":7,"minecraft:andesite_wall":2,"minecraft:tall_grass":19,"minecraft:lapis_ore":16,"minecraft:lily_pad":1,"minecraft:diorite":93,"minecraft:spruce_stairs":1,"minecraft:birch_planks":37,"minecraft:cactus":9,"minecraft:light_blue_bed":2,"minecraft:cobblestone_wall":38,"minecraft:ice":17,"minecraft:spruce_log":68,"minecraft:birch_leaves":16,"minecraft:white_wall_banner":2,"minecraft:grass_path":1,"minecraft:coal_ore":188,"minecraft:flower_pot":1,"minecraft:gravel":10,"minecraft:acacia_planks":32,"minecraft:oak_button":2,"minecraft:polished_andesite":15,"minecraft:gold_ore":24,"minecraft:iron_trapdoor":1,"minecraft:birch_fence":1},"minecraft:picked_up":{"minecraft:iron_chestplate":3,"minecraft:wheat":552,"minecraft:flower_pot":4,"minecraft:iron_trapdoor":1,"minecraft:anvil":2,"minecraft:lead":15,"minecraft:diamond_sword":2,"minecraft:oak_stairs":1,"minecraft:crimson_planks":4,"minecraft:brewing_stand":6,"minecraft:golden_sword":1,"minecraft:string":68,"minecraft:dark_oak_trapdoor":1,"minecraft:cooked_salmon":3,"minecraft:iron_leggings":7,"minecraft:sticky_piston":3,"minecraft:oak_sign":1,"minecraft:gold_nugget":67,"minecraft:smooth_stone":3,"minecraft:bucket":2,"minecraft:spruce_planks":23,"minecraft:iron_pickaxe":1,"minecraft:melon_slice":56,"minecraft:furnace":9,"minecraft:white_glazed_terracotta":7,"minecraft:stick":15,"minecraft:oak_fence":13,"minecraft:torch":99,"minecraft:acacia_log":38,"minecraft:sandstone_wall":2,"minecraft:porkchop":86,"minecraft:diorite":93,"minecraft:cauldron":2,"minecraft:golden_chestplate":1,"minecraft:rabbit_foot":1,"minecraft:stone_sword":1,"minecraft:cactus":32,"minecraft:rotten_flesh":117,"minecraft:tropical_fish":2,"minecraft:iron_block":35,"minecraft:carved_pumpkin":12,"minecraft:blaze_rod":3,"minecraft:obsidian":4,"minecraft:iron_bars":2,"minecraft:snowball":74,"minecraft:cobblestone":2044,"minecraft:birch_log":96,"minecraft:leather_chestplate":2,"minecraft:magma_cream":2,"minecraft:feather":10,"minecraft:andesite":93,"minecraft:potato":2,"minecraft:flint":1,"minecraft:magenta_bed":4,"minecraft:lantern":3,"minecraft:lapis_lazuli":91,"minecraft:dirt":1011,"minecraft:bone":106,"minecraft:acacia_planks":32,"minecraft:stonecutter":2,"minecraft:bow":2,"minecraft:wheat_seeds":1662,"minecraft:bell":4,"minecraft:grindstone":3,"minecraft:rabbit":2,"minecraft:powered_rail":1,"minecraft:oak_planks":83,"minecraft:cooked_porkchop":10,"minecraft:dropper":1,"minecraft:birch_fence_gate":2,"minecraft:sand":231,"minecraft:jungle_planks":61,"minecraft:ink_sac":10,"minecraft:cyan_bed":1,"minecraft:fermented_spider_eye":4,"minecraft:dark_oak_log":20,"minecraft:barrel":4,"minecraft:mossy_cobblestone":1,"minecraft:iron_hoe":1,"minecraft:polished_andesite":15,"minecraft:blue_terracotta":1,"minecraft:diamond":17,"minecraft:lever":3,"minecraft:granite":41,"minecraft:bone_meal":4,"minecraft:crimson_roots":6,"minecraft:bread":78,"minecraft:emerald":39,"minecraft:jack_o_lantern":1,"minecraft:oak_sapling":16,"minecraft:netherrack":295,"minecraft:bricks":1,"minecraft:oak_leaves":205,"minecraft:diamond_pickaxe":2,"minecraft:crafting_table":7,"minecraft:chicken":14,"minecraft:ladder":5,"minecraft:redstone_lamp":1,"minecraft:diamond_horse_armor":1,"minecraft:shield":1,"minecraft:jungle_trapdoor":4,"minecraft:elytra":4,"minecraft:red_bed":2,"minecraft:flint_and_steel":1,"minecraft:compass":1,"minecraft:birch_fence":1,"minecraft:cartography_table":2,"minecraft:beef":15,"minecraft:spruce_slab":4,"minecraft:poppy":15,"minecraft:lectern":7,"minecraft:chest":2,"minecraft:birch_sapling":1,"minecraft:piston":3,"minecraft:egg":82,"minecraft:sandstone":5,"minecraft:oak_door":4,"minecraft:spruce_fence":2,"minecraft:note_block":4,"minecraft:carrot":1,"minecraft:redstone":145,"minecraft:light_blue_bed":2,"minecraft:dark_oak_planks":5,"minecraft:tnt":15,"minecraft:weeping_vines":5,"minecraft:arrow":45,"minecraft:golden_hoe":1,"minecraft:nether_bricks":24,"minecraft:hay_block":32,"minecraft:saddle":3,"minecraft:gold_ingot":1,"minecraft:mutton":11,"minecraft:rail":9,"minecraft:white_wool":6,"minecraft:birch_leaves":6,"minecraft:basalt":7,"minecraft:salmon":3,"minecraft:cut_sandstone":2,"minecraft:leather":18,"minecraft:filled_map":1,"minecraft:birch_planks":33,"minecraft:oak_log":207,"minecraft:lily_pad":1,"minecraft:cobblestone_wall":40,"minecraft:gunpowder":9,"minecraft:cobblestone_stairs":21,"minecraft:white_banner":4,"minecraft:smooth_sandstone":6,"minecraft:apple":7,"minecraft:rabbit_hide":2,"minecraft:iron_ingot":30,"minecraft:oak_fence_gate":8,"minecraft:stone_pickaxe":3,"minecraft:iron_ore":189,"minecraft:glass_bottle":4,"minecraft:iron_sword":2,"minecraft:acacia_sapling":8,"minecraft:book":27,"minecraft:quartz":10,"minecraft:gravel":12,"minecraft:lava_bucket":1,"minecraft:spruce_sapling":4,"minecraft:blast_furnace":4,"minecraft:spruce_log":66,"minecraft:spruce_door":2,"minecraft:gold_ore":24,"minecraft:spider_eye":4,"minecraft:firework_rocket":80,"minecraft:slime_ball":4,"minecraft:gray_wool":1,"minecraft:oak_button":3,"minecraft:black_wool":1,"minecraft:dark_oak_wood":8,"minecraft:coal":283,"minecraft:hopper":4,"minecraft:ender_pearl":1},"minecraft:killed_by":{"minecraft:zombie_villager":2,"minecraft:wither_skeleton":1,"minecraft:zombified_piglin":1,"minecraft:creeper":4,"minecraft:pillager":4,"minecraft:piglin":2,"minecraft:witch":1,"minecraft:zombie":5,"plehemstruhtee:thornhug":1,"minecraft:player":5,"minecraft:enderman":1,"minecraft:ender_dragon":1,"minecraft:skeleton":4}},"DataVersion":2586}