{"stats":{"minecraft:custom":{"minecraft:open_chest":1,"minecraft:time_since_rest":20653,"minecraft:crouch_one_cm":91,"minecraft:play_one_minute":28046,"minecraft:damage_taken":30,"minecraft:sprint_one_cm":9744,"minecraft:walk_one_cm":28349,"minecraft:sneak_time":828,"minecraft:mob_kills":2,"minecraft:jump":83,"minecraft:damage_dealt":1156,"minecraft:leave_game":3,"minecraft:time_since_death":28046,"minecraft:sleep_in_bed":1,"minecraft:fly_one_cm":613118},"minecraft:picked_up":{"minecraft:rotten_flesh":2,"minecraft:gunpowder":2},"minecraft:killed":{"piratesandlootersreborn:pirate_skeleton_bomber":1,"piratesandlootersreborn:armatnik":1},"minecraft:used":{"piratesandlootersreborn:armatnik_spawn_egg":3,"minecraft:torch":2,"piratesandlootersreborn:hgt_spawn_egg":1,"minecraft:coal_block":3,"piratesandlootersreborn:pirate_skeleton_bomber_spawn_egg":1,"minecraft:cobblestone":102,"piratesandlootersreborn:spader_pirate_skeleton_spawn_egg":1,"minecraft:spruce_door":1,"minecraft:flint_and_steel":3,"plehemstruhtee:boopka_spawn_egg":3,"piratesandlootersreborn:capitan_albrecht_spawn_egg":1,"minecraft:gray_bed":2,"piratesandlootersreborn:kraken_spawn_egg":3,"piratesandlootersreborn:pirate_spader":20,"piratesandlootersreborn:capitan_stachu_spawn_egg":1,"byg:pendorite_sword":10,"piratesandlootersreborn:rozbitek_spawn_egg":2}},"DataVersion":2586}