{"stats":{"minecraft:custom":{"minecraft:jump":58,"minecraft:time_since_rest":193,"minecraft:crouch_one_cm":18,"minecraft:play_one_minute":7586,"minecraft:leave_game":1,"minecraft:sprint_one_cm":5318,"minecraft:time_since_death":7586,"minecraft:walk_one_cm":16840,"minecraft:sleep_in_bed":1,"minecraft:sneak_time":267,"minecraft:fly_one_cm":213209},"minecraft:used":{"minecraft:gray_bed":2,"minecraft:torch":2,"minecraft:coal_block":2,"minecraft:cobblestone":102,"minecraft:spruce_door":1,"minecraft:flint_and_steel":2}},"DataVersion":2586}