{"stats":{"minecraft:crafted":{"minecraft:oak_planks":40,"minecraft:stick":4,"minecraft:acacia_planks":4},"minecraft:used":{"minecraft:wheat_seeds":16,"minecraft:water_bucket":131,"minecraft:enchanting_table":1,"minecraft:spruce_door":1,"minecraft:flint_and_steel":3,"minecraft:diamond_hoe":72,"minecraft:oak_planks":29,"minecraft:chest":19,"minecraft:stone":2,"minecraft:iron_sword":10,"minecraft:cauldron":4,"minecraft:stonecutter":3,"minecraft:beacon":3,"minecraft:diamond_axe":45,"minecraft:oak_door":8,"minecraft:torch":50,"minecraft:brewing_stand":3,"minecraft:diamond_block":14,"minecraft:anvil":4,"minecraft:crafting_table":8,"plehemstruhtee:boopka_spawn_egg":3,"piratesandlootersreborn:capitan_albrecht_spawn_egg":1,"minecraft:spruce_stairs":35,"minecraft:cobblestone_wall":33,"minecraft:blast_furnace":2,"minecraft:carrot":87,"minecraft:white_bed":4,"minecraft:acacia_sapling":1,"piratesandlootersreborn:kraken_spawn_egg":3,"minecraft:stone_brick_wall":99,"piratesandlootersreborn:capitan_stachu_spawn_egg":1,"minecraft:spruce_fence":77,"piratesandlootersreborn:rozbitek_spawn_egg":2,"minecraft:oak_fence_gate":2,"minecraft:oak_log":133,"minecraft:glass":11,"piratesandlootersreborn:hgt_spawn_egg":1,"minecraft:flower_pot":1,"minecraft:diamond_pickaxe":85,"minecraft:lava_bucket":1,"minecraft:bookshelf":59,"piratesandlootersreborn:spader_pirate_skeleton_spawn_egg":1,"minecraft:grass_block":340,"minecraft:lantern":24,"byg:reed_thatch_stairs":2,"minecraft:stone_slab":2,"piratesandlootersreborn:pirate_spader":20,"byg:pendorite_sword":10,"minecraft:melon_seeds":27,"minecraft:stone_brick_stairs":54,"piratesandlootersreborn:armatnik_spawn_egg":3,"minecraft:diamond_sword":12,"minecraft:coal_block":3,"piratesandlootersreborn:pirate_skeleton_bomber_spawn_egg":1,"minecraft:cobblestone":1245,"minecraft:bow":15,"byg:cryptic_campfire":2,"minecraft:furnace":7,"minecraft:gray_bed":2,"minecraft:white_stained_glass":69,"minecraft:polished_diorite_stairs":56,"byg:therium_lantern":2,"minecraft:glass_pane":25,"minecraft:cooked_beef":11,"minecraft:bone_meal":4,"minecraft:jukebox":2},"minecraft:killed":{"minecraft:husk":1,"minecraft:pig":1,"plehemstruhtee:stage_3":3,"minecraft:creeper":3,"piratesandlootersreborn:armatnik":1,"piratesandlootersreborn:pirate_skeleton_bomber":1},"minecraft:custom":{"minecraft:mob_kills":10,"minecraft:interact_with_crafting_table":1,"minecraft:play_one_minute":231527,"minecraft:interact_with_loom":1,"minecraft:pot_flower":1,"minecraft:leave_game":23,"minecraft:time_since_death":33934,"minecraft:sleep_in_bed":2,"minecraft:climb_one_cm":21357,"minecraft:time_since_rest":3194,"minecraft:walk_one_cm":349136,"minecraft:sprint_one_cm":133959,"minecraft:damage_taken":3465,"minecraft:damage_dealt":2300,"minecraft:talked_to_villager":1,"minecraft:fly_one_cm":2150427,"minecraft:open_chest":29,"minecraft:crouch_one_cm":2504,"minecraft:deaths":4,"minecraft:sneak_time":4417,"minecraft:jump":863,"minecraft:interact_with_blast_furnace":1,"minecraft:walk_on_water_one_cm":5742,"minecraft:fall_one_cm":51431},"minecraft:mined":{"minecraft:granite":6,"minecraft:acacia_log":1,"minecraft:carrots":30,"minecraft:wheat":16,"minecraft:oak_log":10,"minecraft:loom":1,"minecraft:terracotta":1,"minecraft:stone":78},"minecraft:picked_up":{"minecraft:wheat":5,"minecraft:oak_log":10,"minecraft:gunpowder":2,"minecraft:lantern":1,"minecraft:sea_pickle":2,"minecraft:wheat_seeds":24,"plehemstruhtee:blind_artifact_ingot":3,"minecraft:torch":2,"minecraft:acacia_log":1,"minecraft:porkchop":1,"minecraft:loom":1,"minecraft:carrot":56,"minecraft:rotten_flesh":2,"minecraft:granite":6,"minecraft:terracotta":1,"minecraft:cobblestone":74}},"DataVersion":2586}