{"stats":{"minecraft:custom":{"minecraft:mob_kills":6,"minecraft:play_one_minute":184737,"minecraft:pot_flower":1,"minecraft:leave_game":6,"minecraft:time_since_death":3516,"minecraft:sleep_in_bed":1,"minecraft:climb_one_cm":21357,"minecraft:time_since_rest":3544,"minecraft:sprint_one_cm":80519,"minecraft:damage_taken":1950,"minecraft:walk_one_cm":301807,"minecraft:damage_dealt":1626,"minecraft:fly_one_cm":1581867,"minecraft:open_chest":26,"minecraft:crouch_one_cm":1785,"minecraft:deaths":2,"minecraft:sneak_time":3730,"minecraft:jump":570,"minecraft:interact_with_blast_furnace":1,"minecraft:walk_on_water_one_cm":3966,"minecraft:fall_one_cm":31277},"minecraft:crafted":{"minecraft:oak_planks":40},"minecraft:used":{"minecraft:wheat_seeds":16,"minecraft:water_bucket":97,"minecraft:enchanting_table":1,"minecraft:spruce_door":1,"minecraft:flint_and_steel":3,"minecraft:oak_planks":29,"minecraft:diamond_hoe":72,"minecraft:chest":19,"minecraft:stone":2,"minecraft:iron_sword":10,"minecraft:cauldron":4,"minecraft:stonecutter":3,"minecraft:beacon":3,"minecraft:diamond_axe":10,"minecraft:oak_door":8,"minecraft:torch":47,"minecraft:diamond_block":14,"minecraft:brewing_stand":3,"minecraft:anvil":4,"minecraft:crafting_table":8,"plehemstruhtee:boopka_spawn_egg":3,"piratesandlootersreborn:capitan_albrecht_spawn_egg":1,"minecraft:spruce_stairs":35,"minecraft:blast_furnace":2,"minecraft:cobblestone_wall":33,"minecraft:carrot":52,"minecraft:white_bed":4,"minecraft:acacia_sapling":1,"piratesandlootersreborn:kraken_spawn_egg":3,"minecraft:stone_brick_wall":99,"piratesandlootersreborn:capitan_stachu_spawn_egg":1,"minecraft:spruce_fence":77,"piratesandlootersreborn:rozbitek_spawn_egg":2,"minecraft:oak_fence_gate":2,"minecraft:oak_log":133,"minecraft:glass":11,"minecraft:flower_pot":1,"piratesandlootersreborn:hgt_spawn_egg":1,"minecraft:lava_bucket":1,"minecraft:bookshelf":59,"piratesandlootersreborn:spader_pirate_skeleton_spawn_egg":1,"byg:reed_thatch_stairs":2,"minecraft:lantern":24,"minecraft:grass_block":340,"minecraft:stone_slab":2,"piratesandlootersreborn:pirate_spader":20,"byg:pendorite_sword":10,"minecraft:melon_seeds":27,"minecraft:stone_brick_stairs":54,"piratesandlootersreborn:armatnik_spawn_egg":3,"minecraft:coal_block":3,"minecraft:cobblestone":991,"piratesandlootersreborn:pirate_skeleton_bomber_spawn_egg":1,"minecraft:bow":5,"byg:cryptic_campfire":2,"minecraft:furnace":7,"minecraft:gray_bed":2,"minecraft:white_stained_glass":69,"minecraft:polished_diorite_stairs":56,"byg:therium_lantern":2,"minecraft:glass_pane":25,"minecraft:cooked_beef":8,"minecraft:bone_meal":4,"minecraft:jukebox":2},"minecraft:killed":{"minecraft:husk":1,"minecraft:pig":1,"minecraft:creeper":2,"piratesandlootersreborn:armatnik":1,"piratesandlootersreborn:pirate_skeleton_bomber":1},"minecraft:mined":{"minecraft:carrots":11,"minecraft:oak_log":10},"minecraft:picked_up":{"minecraft:oak_log":10,"minecraft:gunpowder":2,"minecraft:lantern":1,"minecraft:torch":2,"minecraft:porkchop":1,"minecraft:carrot":25,"minecraft:rotten_flesh":2}},"DataVersion":2586}