{"stats":{"minecraft:picked_up":{"minecraft:wheat":386,"minecraft:anvil":1,"minecraft:lead":11,"minecraft:brewing_stand":2,"minecraft:golden_sword":1,"minecraft:string":45,"minecraft:cooked_salmon":3,"minecraft:smooth_stone":1,"minecraft:bucket":2,"minecraft:spruce_planks":13,"minecraft:melon_slice":56,"minecraft:furnace":7,"minecraft:stick":7,"minecraft:oak_fence":5,"minecraft:torch":55,"minecraft:acacia_log":28,"minecraft:porkchop":61,"minecraft:diorite":88,"minecraft:golden_chestplate":1,"minecraft:rabbit_foot":1,"minecraft:cactus":23,"minecraft:rotten_flesh":48,"minecraft:tropical_fish":2,"minecraft:obsidian":4,"minecraft:snowball":74,"minecraft:cobblestone":1902,"minecraft:birch_log":47,"minecraft:feather":10,"minecraft:andesite":49,"minecraft:potato":2,"minecraft:magenta_bed":4,"minecraft:lapis_lazuli":91,"minecraft:dirt":673,"minecraft:bone":22,"minecraft:acacia_planks":31,"minecraft:bow":2,"minecraft:wheat_seeds":1175,"minecraft:bell":2,"minecraft:grindstone":1,"minecraft:rabbit":2,"minecraft:oak_planks":69,"minecraft:cooked_porkchop":10,"minecraft:jungle_planks":57,"minecraft:sand":216,"minecraft:ink_sac":7,"minecraft:cyan_bed":1,"minecraft:dark_oak_log":20,"minecraft:blue_terracotta":1,"minecraft:diamond":16,"minecraft:granite":41,"minecraft:emerald":5,"minecraft:oak_sapling":13,"minecraft:bricks":1,"minecraft:crafting_table":7,"minecraft:chicken":14,"minecraft:diamond_horse_armor":1,"minecraft:shield":1,"minecraft:red_bed":2,"minecraft:flint_and_steel":1,"minecraft:cartography_table":1,"minecraft:beef":10,"minecraft:poppy":9,"minecraft:lectern":7,"minecraft:chest":2,"minecraft:birch_sapling":1,"minecraft:egg":4,"minecraft:sandstone":5,"minecraft:oak_door":2,"minecraft:redstone":133,"minecraft:light_blue_bed":2,"minecraft:dark_oak_planks":5,"minecraft:tnt":1,"minecraft:arrow":31,"minecraft:golden_hoe":1,"minecraft:hay_block":26,"minecraft:saddle":3,"minecraft:mutton":11,"minecraft:white_wool":6,"minecraft:salmon":3,"minecraft:cut_sandstone":1,"minecraft:leather":13,"minecraft:birch_planks":30,"minecraft:oak_log":187,"minecraft:lily_pad":1,"minecraft:gunpowder":2,"minecraft:cobblestone_wall":37,"minecraft:cobblestone_stairs":18,"minecraft:white_banner":1,"minecraft:apple":2,"minecraft:rabbit_hide":2,"minecraft:oak_fence_gate":5,"minecraft:stone_pickaxe":2,"minecraft:iron_ore":183,"minecraft:iron_sword":1,"minecraft:acacia_sapling":8,"minecraft:book":27,"minecraft:gravel":5,"minecraft:lava_bucket":1,"minecraft:spruce_sapling":4,"minecraft:blast_furnace":2,"minecraft:spruce_log":66,"minecraft:gold_ore":24,"minecraft:spider_eye":3,"minecraft:slime_ball":4,"minecraft:gray_wool":1,"minecraft:black_wool":1,"minecraft:coal":199,"minecraft:ender_pearl":1},"minecraft:killed":{"minecraft:zombified_piglin":2,"minecraft:spider":9,"minecraft:skeleton":19,"minecraft:fox":2,"minecraft:chicken":14,"minecraft:silverfish":2,"minecraft:pig":33,"minecraft:salmon":5,"minecraft:creeper":1,"minecraft:sheep":8,"minecraft:trader_llama":2,"minecraft:pillager":1,"minecraft:zombie":38,"minecraft:cow":7,"minecraft:slime":12,"minecraft:rabbit":2,"minecraft:squid":2},"minecraft:killed_by":{"minecraft:zombified_piglin":1,"minecraft:creeper":3,"minecraft:pillager":2,"minecraft:zombie":3,"minecraft:player":2,"minecraft:enderman":1,"minecraft:ender_dragon":1,"minecraft:skeleton":4},"minecraft:crafted":{"minecraft:oak_planks":540,"minecraft:cooked_chicken":8,"minecraft:cobblestone_stairs":36,"minecraft:bookshelf":8,"minecraft:cooked_mutton":3,"minecraft:glass":190,"minecraft:bow":2,"minecraft:iron_boots":3,"minecraft:chest":17,"minecraft:oak_fence":12,"minecraft:bubble_coral_block":1,"minecraft:cooked_porkchop":45,"minecraft:diamond_axe":1,"minecraft:crafting_table":11,"minecraft:spruce_planks":264,"minecraft:wooden_pickaxe":2,"minecraft:iron_helmet":4,"minecraft:spruce_door":3,"minecraft:birch_planks":156,"minecraft:tropical_fish_bucket":1,"minecraft:iron_chestplate":4,"minecraft:diamond_pickaxe":1,"minecraft:stick":220,"minecraft:iron_ingot":162,"minecraft:iron_pickaxe":8,"minecraft:stone_sword":1,"minecraft:gold_ingot":48,"minecraft:dark_oak_fence_gate":1,"minecraft:oak_door":3,"minecraft:leather_boots":1,"minecraft:golden_chestplate":1,"minecraft:furnace":15,"minecraft:bone_meal":132,"minecraft:spruce_stairs":16,"minecraft:iron_axe":3,"minecraft:iron_hoe":2,"minecraft:stone_pickaxe":2,"minecraft:cobblestone_wall":294,"minecraft:diamond_boots":1,"minecraft:dark_oak_planks":104,"minecraft:wheat":81,"minecraft:cooked_beef":10,"minecraft:diamond_sword":2,"minecraft:enchanting_table":1,"minecraft:iron_sword":2,"minecraft:cooked_salmon":2,"minecraft:golden_shovel":1,"minecraft:bucket":3,"minecraft:stone_axe":1,"minecraft:bread":139,"minecraft:air":0,"minecraft:oak_fence_gate":7,"minecraft:wooden_axe":1,"minecraft:oak_stairs":8,"minecraft:iron_shovel":3,"minecraft:iron_leggings":4,"minecraft:white_bed":2,"minecraft:acacia_planks":124,"minecraft:torch":324},"minecraft:dropped":{"minecraft:iron_sword":2,"minecraft:oak_log":14,"minecraft:ender_pearl":1,"minecraft:cooked_porkchop":8,"minecraft:saddle":1,"minecraft:emerald":1,"minecraft:dirt":7,"minecraft:snowball":3,"minecraft:bone_meal":6,"minecraft:iron_pickaxe":2,"minecraft:gold_ingot":21,"minecraft:stone_axe":2,"minecraft:wheat":7,"minecraft:rotten_flesh":6,"minecraft:oak_planks":68,"minecraft:poppy":1,"minecraft:leather_boots":1,"minecraft:acacia_sapling":3,"minecraft:iron_ore":20,"minecraft:arrow":8,"minecraft:glass":15,"minecraft:egg":4,"minecraft:iron_ingot":32,"minecraft:bread":37,"minecraft:wheat_seeds":68,"minecraft:iron_helmet":2,"minecraft:cobblestone":110,"minecraft:lead":2,"minecraft:book":6,"minecraft:coal":75,"minecraft:stick":30,"minecraft:diamond_horse_armor":1,"minecraft:ink_sac":3,"minecraft:torch":44,"minecraft:wooden_axe":1,"minecraft:cooked_salmon":8,"minecraft:iron_leggings":1,"minecraft:string":25,"minecraft:bucket":1,"minecraft:redstone":64,"minecraft:chicken":3,"minecraft:diamond_sword":1,"minecraft:iron_chestplate":1,"minecraft:oak_sapling":1,"minecraft:golden_sword":1,"minecraft:bow":3,"minecraft:stone_pickaxe":4,"minecraft:wooden_pickaxe":1},"minecraft:mined":{"minecraft:dark_oak_planks":5,"minecraft:stone_pressure_plate":1,"minecraft:spruce_planks":11,"minecraft:oak_sapling":4,"minecraft:farmland":9,"minecraft:cobblestone_stairs":18,"minecraft:brewing_stand":2,"minecraft:obsidian":4,"minecraft:granite":43,"minecraft:acacia_log":29,"minecraft:grass_block":497,"minecraft:smooth_stone":1,"minecraft:iron_ore":175,"minecraft:fire":50,"minecraft:anvil":1,"minecraft:tripwire":1,"minecraft:cut_sandstone":7,"minecraft:red_bed":1,"minecraft:torch":26,"minecraft:blast_furnace":2,"minecraft:poppy":7,"minecraft:melon":14,"minecraft:chest":2,"minecraft:glass":16,"minecraft:cobblestone":265,"minecraft:cyan_bed":1,"minecraft:grindstone":1,"minecraft:oak_planks":43,"minecraft:bricks":1,"minecraft:wall_torch":17,"minecraft:acacia_sapling":4,"minecraft:blue_terracotta":1,"minecraft:birch_log":47,"minecraft:wheat":499,"minecraft:magenta_bed":4,"minecraft:tnt":5,"minecraft:grass":45,"minecraft:oak_log":193,"minecraft:oak_fence_gate":5,"minecraft:sand":197,"minecraft:dirt":345,"minecraft:oak_leaves":27,"minecraft:diamond_ore":17,"minecraft:oak_door":2,"minecraft:dark_oak_log":27,"minecraft:jungle_planks":4,"minecraft:spruce_leaves":22,"minecraft:cartography_table":1,"minecraft:sandstone":1,"minecraft:hay_block":29,"minecraft:redstone_ore":29,"minecraft:furnace":7,"minecraft:snow":15,"minecraft:andesite":49,"minecraft:bell":1,"minecraft:bookshelf":9,"minecraft:vine":1,"minecraft:stone":1646,"minecraft:acacia_leaves":8,"minecraft:oak_fence":5,"minecraft:crafting_table":8,"minecraft:emerald_ore":5,"minecraft:lectern":7,"minecraft:tall_grass":12,"minecraft:lapis_ore":16,"minecraft:lily_pad":1,"minecraft:diorite":89,"minecraft:birch_planks":33,"minecraft:cactus":9,"minecraft:light_blue_bed":2,"minecraft:cobblestone_wall":35,"minecraft:ice":17,"minecraft:spruce_log":68,"minecraft:birch_leaves":3,"minecraft:grass_path":1,"minecraft:coal_ore":180,"minecraft:gravel":5,"minecraft:acacia_planks":31,"minecraft:gold_ore":24},"minecraft:used":{"minecraft:blue_terracotta":2,"minecraft:iron_shovel":714,"minecraft:carrot_on_a_stick":1,"minecraft:poppy":4,"minecraft:shield":9,"minecraft:chest":19,"minecraft:iron_sword":733,"minecraft:bell":2,"minecraft:rotten_flesh":7,"minecraft:mutton":3,"minecraft:jungle_planks":4,"minecraft:carrot":6,"minecraft:acacia_sapling":8,"minecraft:snowball":115,"minecraft:glass":243,"minecraft:lava_bucket":16,"minecraft:bricks":1,"minecraft:birch_sapling":2,"minecraft:light_blue_bed":3,"minecraft:golden_sword":26,"minecraft:magma_block":2,"minecraft:bow":37,"minecraft:hay_block":18,"minecraft:oak_sapling":19,"minecraft:furnace":22,"minecraft:egg":1,"minecraft:potato":10,"minecraft:diorite":94,"minecraft:spruce_door":2,"minecraft:stone_pickaxe":353,"minecraft:oak_planks":252,"minecraft:cactus":24,"minecraft:ender_pearl":1,"minecraft:wooden_pickaxe":23,"minecraft:diamond_axe":187,"minecraft:golden_hoe":39,"minecraft:sand":34,"minecraft:blast_furnace":2,"minecraft:cyan_bed":1,"minecraft:melon_slice":6,"minecraft:bread":130,"minecraft:lectern":7,"minecraft:gravel":8,"minecraft:diamond_sword":89,"minecraft:grindstone":1,"minecraft:bubble_coral_block":1,"minecraft:cooked_rabbit":2,"minecraft:andesite":77,"minecraft:birch_log":8,"minecraft:tropical_fish_bucket":1,"minecraft:bone_meal":132,"minecraft:golden_pickaxe":42,"minecraft:oak_fence":10,"minecraft:enchanting_table":1,"minecraft:stone_sword":137,"minecraft:flint_and_steel":2,"minecraft:spruce_planks":212,"minecraft:cooked_salmon":2,"minecraft:cooked_chicken":8,"minecraft:oak_door":5,"minecraft:torch":383,"minecraft:brewing_stand":2,"minecraft:dirt":665,"minecraft:anvil":1,"minecraft:spruce_stairs":16,"minecraft:cobblestone_wall":262,"minecraft:granite":32,"minecraft:oak_fence_gate":12,"minecraft:iron_hoe":213,"minecraft:dark_oak_planks":99,"minecraft:wooden_axe":5,"minecraft:bookshelf":8,"minecraft:iron_axe":326,"minecraft:oak_stairs":8,"minecraft:cooked_beef":10,"minecraft:dead_bubble_coral_block":1,"minecraft:acacia_planks":141,"minecraft:golden_axe":24,"minecraft:wheat_seeds":623,"minecraft:cooked_mutton":3,"minecraft:water_bucket":96,"minecraft:cobblestone_stairs":50,"minecraft:birch_planks":156,"minecraft:cartography_table":1,"minecraft:cut_sandstone":3,"minecraft:gold_ore":4,"minecraft:tnt":10,"minecraft:crafting_table":21,"minecraft:red_bed":2,"minecraft:magenta_bed":5,"minecraft:white_bed":2,"minecraft:dark_oak_fence_gate":1,"minecraft:oak_log":18,"minecraft:diamond_pickaxe":552,"minecraft:apple":1,"minecraft:chicken":3,"minecraft:iron_pickaxe":1721,"minecraft:spruce_sapling":4,"minecraft:stone_axe":114,"minecraft:cobblestone":1902,"minecraft:porkchop":7,"minecraft:white_banner":1,"minecraft:cooked_porkchop":35,"minecraft:bucket":116,"minecraft:smooth_stone":1},"minecraft:custom":{"minecraft:interact_with_crafting_table":161,"minecraft:leave_game":9,"minecraft:time_since_death":39880,"minecraft:sprint_one_cm":1798622,"minecraft:drop":237,"minecraft:talked_to_villager":19,"minecraft:deaths":23,"minecraft:jump":10723,"minecraft:interact_with_brewingstand":3,"minecraft:walk_on_water_one_cm":92629,"minecraft:enchant_item":8,"minecraft:interact_with_furnace":189,"minecraft:traded_with_villager":2,"minecraft:interact_with_cartography_table":7,"minecraft:play_one_minute":824006,"minecraft:sleep_in_bed":27,"minecraft:damage_dealt":21873,"minecraft:player_kills":7,"minecraft:crouch_one_cm":138748,"minecraft:horse_one_cm":261714,"minecraft:mob_kills":169,"minecraft:interact_with_anvil":2,"minecraft:climb_one_cm":4087,"minecraft:walk_one_cm":2234131,"minecraft:sneak_time":43906,"minecraft:walk_under_water_one_cm":55863,"minecraft:interact_with_blast_furnace":18,"minecraft:interact_with_grindstone":10,"minecraft:time_since_rest":39911,"minecraft:damage_taken":17080,"minecraft:swim_one_cm":67123,"minecraft:fly_one_cm":1899689,"minecraft:open_chest":464,"minecraft:fall_one_cm":334116},"minecraft:broken":{"minecraft:golden_helmet":1,"minecraft:iron_shovel":3,"minecraft:iron_boots":2,"minecraft:iron_chestplate":2,"minecraft:iron_leggings":2,"minecraft:stone_pickaxe":3,"minecraft:iron_sword":1,"minecraft:golden_hoe":1,"minecraft:stone_sword":1,"minecraft:golden_axe":1,"minecraft:iron_axe":1,"minecraft:iron_pickaxe":5,"minecraft:iron_helmet":2,"minecraft:golden_pickaxe":1}},"DataVersion":2586}