{"stats":{"minecraft:picked_up":{"minecraft:gunpowder":2,"minecraft:lantern":1,"minecraft:rotten_flesh":2},"minecraft:custom":{"minecraft:time_since_rest":144116,"minecraft:sprint_one_cm":48076,"minecraft:damage_taken":140,"minecraft:walk_one_cm":228501,"minecraft:mob_kills":5,"minecraft:damage_dealt":1606,"minecraft:fly_one_cm":1234674,"minecraft:open_chest":21,"minecraft:play_one_minute":151509,"minecraft:crouch_one_cm":895,"minecraft:sneak_time":2619,"minecraft:pot_flower":1,"minecraft:jump":299,"minecraft:interact_with_blast_furnace":1,"minecraft:leave_game":4,"minecraft:walk_on_water_one_cm":3200,"minecraft:time_since_death":151509,"minecraft:sleep_in_bed":1,"minecraft:fall_one_cm":3001},"minecraft:used":{"minecraft:oak_log":133,"minecraft:wheat_seeds":16,"minecraft:glass":11,"minecraft:flower_pot":1,"minecraft:water_bucket":97,"piratesandlootersreborn:hgt_spawn_egg":1,"minecraft:lava_bucket":1,"minecraft:spruce_door":1,"piratesandlootersreborn:spader_pirate_skeleton_spawn_egg":1,"minecraft:flint_and_steel":3,"minecraft:grass_block":336,"minecraft:lantern":19,"byg:reed_thatch_stairs":2,"minecraft:diamond_hoe":72,"minecraft:chest":19,"minecraft:stone_slab":2,"minecraft:iron_sword":10,"minecraft:stone":2,"piratesandlootersreborn:pirate_spader":20,"minecraft:cauldron":4,"byg:pendorite_sword":10,"minecraft:melon_seeds":27,"minecraft:stone_brick_stairs":54,"minecraft:oak_door":8,"piratesandlootersreborn:armatnik_spawn_egg":3,"minecraft:torch":46,"minecraft:anvil":4,"minecraft:coal_block":3,"piratesandlootersreborn:pirate_skeleton_bomber_spawn_egg":1,"minecraft:cobblestone":871,"minecraft:bow":1,"minecraft:crafting_table":8,"plehemstruhtee:boopka_spawn_egg":3,"byg:cryptic_campfire":2,"piratesandlootersreborn:capitan_albrecht_spawn_egg":1,"minecraft:furnace":7,"minecraft:blast_furnace":2,"minecraft:spruce_stairs":35,"minecraft:gray_bed":2,"minecraft:white_stained_glass":69,"minecraft:carrot":41,"minecraft:glass_pane":25,"minecraft:polished_diorite_stairs":56,"minecraft:acacia_sapling":1,"minecraft:cooked_beef":1,"piratesandlootersreborn:kraken_spawn_egg":3,"minecraft:stone_brick_wall":99,"piratesandlootersreborn:capitan_stachu_spawn_egg":1,"minecraft:spruce_fence":77,"minecraft:jukebox":2,"piratesandlootersreborn:rozbitek_spawn_egg":2,"minecraft:bone_meal":4,"minecraft:oak_fence_gate":2},"minecraft:killed":{"minecraft:husk":1,"piratesandlootersreborn:armatnik":1,"piratesandlootersreborn:pirate_skeleton_bomber":1,"minecraft:creeper":2}},"DataVersion":2586}