{"stats":{"minecraft:dropped":{"minecraft:bread":28,"minecraft:wheat_seeds":129,"minecraft:stone_sword":1,"minecraft:oak_sapling":4,"minecraft:wooden_pickaxe":1,"minecraft:saddle":1},"minecraft:mined":{"minecraft:iron_ore":2,"minecraft:wheat":71,"minecraft:crafting_table":2,"minecraft:torch":2,"minecraft:coal_ore":5,"minecraft:grass_block":2,"minecraft:oak_log":4,"minecraft:dirt":5,"minecraft:stone":114,"minecraft:diorite":7,"minecraft:oak_leaves":2,"minecraft:wall_torch":3},"minecraft:picked_up":{"minecraft:stick":1,"minecraft:crafting_table":2,"minecraft:wheat":92,"minecraft:torch":7,"minecraft:oak_log":4,"minecraft:diorite":7,"minecraft:dirt":7,"minecraft:string":2,"minecraft:stone_sword":1,"minecraft:rotten_flesh":2,"minecraft:wheat_seeds":130,"minecraft:bucket":1,"minecraft:iron_ore":2,"minecraft:saddle":1,"minecraft:bread":26,"minecraft:oak_sapling":4,"minecraft:coal":5,"minecraft:cobblestone":104},"minecraft:crafted":{"minecraft:oak_planks":16,"minecraft:crafting_table":1,"minecraft:stick":16,"minecraft:wooden_pickaxe":1,"minecraft:stone_pickaxe":2,"minecraft:stone_sword":1,"minecraft:stone_axe":1,"minecraft:bread":29},"minecraft:custom":{"minecraft:time_since_rest":15048,"minecraft:sprint_one_cm":60046,"minecraft:damage_taken":384,"minecraft:walk_one_cm":36431,"minecraft:drop":12,"minecraft:damage_dealt":128,"minecraft:interact_with_crafting_table":5,"minecraft:fly_one_cm":52782,"minecraft:open_chest":15,"minecraft:crouch_one_cm":4708,"minecraft:play_one_minute":24250,"minecraft:sneak_time":2090,"minecraft:jump":342,"minecraft:leave_game":1,"minecraft:walk_on_water_one_cm":1440,"minecraft:time_since_death":24250,"minecraft:sleep_in_bed":1,"minecraft:fall_one_cm":12851},"minecraft:used":{"minecraft:water_bucket":2,"minecraft:stone_sword":4,"minecraft:bread":7,"minecraft:stone_pickaxe":113,"minecraft:wooden_pickaxe":16,"minecraft:rotten_flesh":3,"minecraft:stone_axe":2,"minecraft:torch":3,"minecraft:dirt":4,"minecraft:crafting_table":2,"minecraft:bucket":3}},"DataVersion":2586}