{"stats":{"minecraft:custom":{"minecraft:interact_with_anvil":2,"minecraft:mob_kills":117,"minecraft:interact_with_crafting_table":49,"minecraft:leave_game":3,"minecraft:time_since_death":85404,"minecraft:climb_one_cm":2230,"minecraft:sprint_one_cm":654049,"minecraft:walk_one_cm":355524,"minecraft:drop":115,"minecraft:deaths":10,"minecraft:sneak_time":22107,"minecraft:walk_under_water_one_cm":23289,"minecraft:jump":3901,"minecraft:interact_with_blast_furnace":55,"minecraft:walk_on_water_one_cm":38073,"minecraft:interact_with_furnace":90,"minecraft:play_one_minute":187182,"minecraft:interact_with_grindstone":1,"minecraft:sleep_in_bed":4,"minecraft:time_since_rest":38004,"minecraft:damage_taken":5561,"minecraft:damage_dealt":14677,"minecraft:swim_one_cm":14376,"minecraft:fly_one_cm":800830,"minecraft:open_chest":76,"minecraft:crouch_one_cm":77326,"minecraft:interact_with_smoker":78,"minecraft:fall_one_cm":112124},"minecraft:broken":{"minecraft:stone_pickaxe":2,"minecraft:iron_helmet":1,"minecraft:stone_shovel":2},"minecraft:used":{"minecraft:stone_sword":38,"minecraft:stone_shovel":263,"minecraft:shield":26,"minecraft:iron_sword":315,"minecraft:rotten_flesh":3,"minecraft:oak_door":5,"minecraft:torch":3,"minecraft:brewing_stand":1,"minecraft:dirt":266,"minecraft:snowball":5,"minecraft:oak_fence_gate":2,"minecraft:iron_axe":161,"minecraft:oak_stairs":14,"minecraft:furnace":13,"minecraft:cooked_beef":5,"minecraft:cooked_mutton":6,"minecraft:wheat_seeds":30,"minecraft:water_bucket":17,"minecraft:cobblestone_stairs":34,"minecraft:oak_planks":180,"minecraft:stone_pickaxe":333,"minecraft:wooden_pickaxe":28,"minecraft:green_bed":1,"minecraft:oak_slab":8,"minecraft:lime_bed":2,"minecraft:crafting_table":10,"minecraft:smoker":11,"minecraft:bread":35,"minecraft:iron_pickaxe":8,"minecraft:stone_axe":2,"minecraft:cobblestone":113,"minecraft:cooked_porkchop":14,"minecraft:bucket":18,"minecraft:andesite":1,"minecraft:glass_pane":34},"minecraft:mined":{"minecraft:stone_pressure_plate":1,"minecraft:dark_oak_leaves":1,"minecraft:oak_door":3,"minecraft:cobblestone_stairs":1,"minecraft:brewing_stand":2,"minecraft:granite":1,"minecraft:grass_block":130,"minecraft:furnace":6,"minecraft:iron_ore":80,"minecraft:snow":5,"minecraft:andesite":1,"minecraft:anvil":1,"minecraft:white_glazed_terracotta":1,"minecraft:bookshelf":16,"plehemstruhtee:sandsient_metal":2,"minecraft:oak_stairs":10,"minecraft:stone":220,"minecraft:green_bed":1,"minecraft:melon_stem":1,"minecraft:smoker":7,"minecraft:orange_terracotta":1,"minecraft:smooth_sandstone":2,"minecraft:crafting_table":9,"minecraft:torch":2,"minecraft:tall_grass":5,"minecraft:cobblestone":7,"minecraft:oak_planks":62,"minecraft:diorite":7,"minecraft:wall_torch":3,"minecraft:lime_bed":2,"minecraft:cobblestone_wall":1,"minecraft:wheat":130,"minecraft:grass":48,"minecraft:oak_log":62,"minecraft:coal_ore":11,"minecraft:oak_fence_gate":2,"minecraft:sand":79,"minecraft:dirt":69,"minecraft:sandstone_wall":1,"minecraft:oak_leaves":3},"minecraft:dropped":{"minecraft:water_bucket":1,"minecraft:gold_ore":13,"minecraft:iron_ingot":3,"minecraft:bread":48,"minecraft:iron_sword":2,"minecraft:wheat_seeds":159,"minecraft:cooked_beef":27,"minecraft:oak_log":5,"minecraft:crafting_table":1,"minecraft:cooked_porkchop":27,"minecraft:iron_helmet":1,"minecraft:cobblestone":88,"minecraft:granite":1,"minecraft:saddle":1,"minecraft:coal":16,"minecraft:stick":28,"minecraft:cobblestone_stairs":3,"minecraft:dirt":111,"minecraft:gray_wool":1,"minecraft:diorite":5,"minecraft:ink_sac":1,"minecraft:iron_leggings":1,"minecraft:wooden_sword":2,"minecraft:iron_pickaxe":1,"minecraft:string":2,"minecraft:smooth_sandstone":2,"minecraft:redstone":64,"minecraft:bone":6,"minecraft:furnace":2,"minecraft:anvil":1,"minecraft:stone_axe":1,"minecraft:oak_trapdoor":2,"minecraft:golden_chestplate":1,"minecraft:cobblestone_wall":1,"minecraft:stone_sword":2,"minecraft:wheat":4,"minecraft:stone_shovel":2,"minecraft:chicken":1,"minecraft:rotten_flesh":14,"minecraft:oak_planks":115,"minecraft:iron_boots":2,"minecraft:cooked_mutton":15,"minecraft:sandstone_wall":1,"minecraft:shield":1,"minecraft:iron_chestplate":2,"minecraft:andesite":1,"minecraft:melon_seeds":2,"minecraft:golden_leggings":2,"minecraft:oak_sapling":6,"minecraft:iron_ore":14,"minecraft:bow":2,"minecraft:arrow":3,"minecraft:wooden_pickaxe":2,"minecraft:stone_pickaxe":1,"minecraft:black_wool":1},"minecraft:killed":{"minecraft:spider":2,"minecraft:skeleton":11,"minecraft:chicken":1,"minecraft:husk":1,"minecraft:pig":31,"minecraft:wandering_trader":1,"minecraft:sheep":17,"minecraft:pillager":5,"minecraft:zombie":17,"plehemstruhtee:thornhug":1,"minecraft:cow":36},"minecraft:crafted":{"minecraft:oak_door":3,"minecraft:oak_planks":168,"minecraft:stone_shovel":3,"minecraft:furnace":16,"minecraft:cobblestone_stairs":36,"minecraft:cooked_mutton":28,"minecraft:oak_trapdoor":2,"minecraft:glass_pane":48,"minecraft:glass":78,"minecraft:iron_boots":3,"minecraft:iron_axe":1,"minecraft:stone_pickaxe":3,"minecraft:smoker":4,"minecraft:cooked_beef":93,"minecraft:oak_slab":12,"minecraft:cooked_porkchop":93,"minecraft:crafting_table":3,"minecraft:wooden_pickaxe":2,"minecraft:iron_helmet":3,"minecraft:iron_sword":2,"minecraft:stone_axe":1,"minecraft:bread":54,"minecraft:air":0,"minecraft:iron_chestplate":3,"minecraft:shield":2,"minecraft:stick":28,"minecraft:iron_ingot":76,"minecraft:iron_pickaxe":1,"minecraft:oak_stairs":20,"minecraft:stone_sword":1,"minecraft:iron_leggings":2},"minecraft:killed_by":{"minecraft:creeper":3,"minecraft:spider":1,"minecraft:skeleton":3,"minecraft:zombie":3},"minecraft:picked_up":{"minecraft:crafting_table":10,"minecraft:wheat":169,"minecraft:chicken":1,"minecraft:anvil":1,"minecraft:oak_stairs":6,"minecraft:potion":1,"minecraft:brewing_stand":2,"minecraft:oak_trapdoor":2,"minecraft:string":2,"minecraft:wooden_sword":2,"minecraft:bucket":2,"minecraft:beef":67,"minecraft:furnace":5,"minecraft:stick":18,"minecraft:oak_door":2,"minecraft:torch":24,"minecraft:green_bed":1,"minecraft:sandstone_wall":1,"minecraft:porkchop":58,"plehemstruhtee:sandsient_stone":3,"minecraft:diorite":10,"minecraft:redstone":5,"minecraft:golden_chestplate":1,"minecraft:stone_pressure_plate":1,"minecraft:stone_sword":2,"minecraft:arrow":9,"minecraft:stone_shovel":1,"minecraft:rotten_flesh":18,"minecraft:saddle":1,"minecraft:mutton":26,"minecraft:snowball":5,"minecraft:white_wool":15,"minecraft:cobblestone":255,"minecraft:lime_bed":2,"minecraft:cooked_beef":44,"minecraft:water_bucket":1,"minecraft:andesite":2,"minecraft:leather":36,"minecraft:golden_leggings":2,"minecraft:smoker":7,"minecraft:oak_log":63,"minecraft:cobblestone_wall":1,"minecraft:cobblestone_stairs":1,"minecraft:dirt":390,"minecraft:orange_terracotta":1,"minecraft:smooth_sandstone":2,"minecraft:glass":9,"minecraft:bone":6,"minecraft:bow":1,"minecraft:wheat_seeds":301,"minecraft:oak_fence_gate":2,"minecraft:stone_pickaxe":2,"minecraft:iron_ingot":1,"minecraft:iron_ore":77,"minecraft:iron_sword":1,"minecraft:oak_planks":399,"minecraft:book":48,"minecraft:sand":86,"minecraft:ink_sac":1,"minecraft:stone_axe":1,"minecraft:granite":1,"minecraft:gray_wool":1,"minecraft:bread":29,"minecraft:oak_sapling":6,"minecraft:melon_seeds":2,"minecraft:black_wool":1,"minecraft:coal":42}},"DataVersion":2586}