{"stats":{"minecraft:used":{"minecraft:oak_fence":19,"minecraft:stone_sword":38,"minecraft:stone_shovel":335,"minecraft:shield":37,"minecraft:iron_sword":338,"minecraft:cooked_salmon":8,"minecraft:rotten_flesh":3,"minecraft:oak_door":5,"minecraft:torch":4,"minecraft:brewing_stand":1,"minecraft:dirt":357,"minecraft:granite":1,"minecraft:snowball":5,"minecraft:oak_fence_gate":2,"minecraft:glass":18,"minecraft:iron_axe":263,"minecraft:oak_stairs":14,"minecraft:oak_sapling":8,"minecraft:furnace":17,"minecraft:cooked_beef":21,"minecraft:cooked_mutton":6,"minecraft:wheat_seeds":76,"minecraft:water_bucket":48,"minecraft:iron_ore":1,"minecraft:cobblestone_stairs":34,"minecraft:oak_planks":308,"minecraft:stone_pickaxe":673,"minecraft:wooden_pickaxe":28,"minecraft:green_bed":1,"minecraft:salmon":1,"minecraft:oak_slab":12,"minecraft:lime_bed":2,"minecraft:crafting_table":15,"minecraft:smoker":11,"minecraft:wooden_hoe":81,"minecraft:apple":34,"minecraft:bread":64,"minecraft:iron_pickaxe":264,"minecraft:stone_axe":2,"minecraft:diamond_sword":173,"minecraft:cobblestone":309,"minecraft:cooked_porkchop":16,"minecraft:andesite":6,"minecraft:bucket":49,"minecraft:glass_pane":34},"minecraft:broken":{"minecraft:leather_leggings":1,"minecraft:iron_boots":1,"minecraft:iron_leggings":1,"minecraft:stone_pickaxe":4,"minecraft:iron_pickaxe":1,"minecraft:iron_helmet":2,"minecraft:wooden_hoe":1,"minecraft:stone_shovel":2},"minecraft:killed":{"minecraft:evoker":1,"minecraft:witch":4,"minecraft:vindicator":1,"minecraft:spider":6,"minecraft:skeleton":19,"him:leafbreaker":1,"minecraft:chicken":1,"minecraft:magma_cube":1,"minecraft:husk":2,"minecraft:pig":31,"minecraft:zombie_villager":1,"minecraft:salmon":3,"minecraft:bat":1,"minecraft:wandering_trader":1,"minecraft:sheep":17,"minecraft:pillager":8,"minecraft:zombie":42,"plehemstruhtee:thornhug":1,"minecraft:cow":36},"minecraft:dropped":{"minecraft:oak_slab":2,"minecraft:stone_hoe":2,"minecraft:water_bucket":2,"minecraft:gold_ore":13,"minecraft:iron_ingot":4,"minecraft:bread":75,"minecraft:iron_sword":3,"minecraft:birch_planks":14,"minecraft:wheat_seeds":243,"minecraft:lapis_lazuli":64,"minecraft:cooked_beef":47,"minecraft:oak_log":71,"minecraft:crafting_table":1,"minecraft:cooked_porkchop":52,"minecraft:oak_fence":2,"minecraft:iron_helmet":1,"minecraft:cobblestone":171,"minecraft:granite":7,"minecraft:saddle":1,"minecraft:acacia_log":2,"minecraft:coal":16,"minecraft:cobblestone_stairs":3,"minecraft:stick":28,"minecraft:emerald":2,"minecraft:dirt":113,"minecraft:gray_wool":1,"minecraft:wooden_hoe":1,"minecraft:jungle_button":1,"minecraft:diorite":8,"minecraft:ink_sac":1,"minecraft:torch":24,"minecraft:mutton":9,"minecraft:cooked_salmon":1,"minecraft:iron_leggings":1,"minecraft:oak_stairs":4,"minecraft:wooden_sword":2,"minecraft:sand":19,"minecraft:white_banner":4,"minecraft:iron_axe":1,"minecraft:iron_pickaxe":2,"minecraft:cactus":1,"minecraft:string":4,"minecraft:smooth_sandstone":2,"minecraft:bone":7,"minecraft:redstone":64,"minecraft:oak_door":2,"minecraft:furnace":3,"minecraft:anvil":1,"minecraft:stone_axe":2,"minecraft:oak_trapdoor":2,"minecraft:cooked_chicken":12,"minecraft:golden_chestplate":1,"minecraft:stone_sword":2,"minecraft:cobblestone_wall":1,"minecraft:wheat":63,"minecraft:stone_shovel":2,"minecraft:chicken":4,"minecraft:rotten_flesh":88,"minecraft:iron_boots":2,"minecraft:oak_planks":240,"minecraft:cooked_mutton":15,"minecraft:sandstone_wall":1,"minecraft:diamond_sword":1,"minecraft:shield":3,"minecraft:gunpowder":2,"minecraft:iron_chestplate":2,"minecraft:andesite":7,"minecraft:melon_seeds":2,"minecraft:golden_leggings":2,"minecraft:oak_sapling":6,"minecraft:spider_eye":1,"minecraft:iron_ore":14,"minecraft:arrow":4,"minecraft:bow":2,"minecraft:glass":9,"minecraft:stone_pickaxe":5,"minecraft:wooden_pickaxe":2,"minecraft:cyan_bed":1,"minecraft:cooked_rabbit":2,"minecraft:black_wool":1},"minecraft:crafted":{"minecraft:oak_door":3,"minecraft:oak_planks":272,"minecraft:stone_shovel":4,"minecraft:furnace":19,"minecraft:cobblestone_stairs":36,"minecraft:glass_pane":48,"minecraft:cooked_mutton":28,"minecraft:oak_trapdoor":2,"minecraft:glass":78,"minecraft:iron_boots":3,"minecraft:iron_axe":3,"minecraft:stone_pickaxe":7,"minecraft:smoker":4,"minecraft:cooked_beef":93,"minecraft:oak_slab":18,"minecraft:cooked_porkchop":93,"minecraft:crafting_table":5,"minecraft:wooden_pickaxe":2,"minecraft:iron_helmet":3,"minecraft:iron_sword":2,"minecraft:cooked_salmon":1,"minecraft:stone_axe":1,"minecraft:bread":54,"minecraft:air":0,"minecraft:wooden_hoe":2,"minecraft:iron_chestplate":3,"minecraft:shield":4,"minecraft:stick":60,"minecraft:iron_ingot":118,"minecraft:iron_pickaxe":3,"minecraft:oak_stairs":20,"minecraft:stone_sword":1,"minecraft:iron_leggings":2},"minecraft:custom":{"minecraft:interact_with_anvil":2,"minecraft:mob_kills":176,"minecraft:interact_with_crafting_table":64,"minecraft:leave_game":6,"minecraft:time_since_death":13337,"minecraft:climb_one_cm":4399,"minecraft:sprint_one_cm":1139849,"minecraft:walk_one_cm":632973,"minecraft:drop":204,"minecraft:sneak_time":41697,"minecraft:deaths":29,"minecraft:walk_under_water_one_cm":49122,"minecraft:jump":7651,"minecraft:interact_with_blast_furnace":55,"minecraft:walk_on_water_one_cm":85013,"minecraft:interact_with_furnace":173,"minecraft:play_one_minute":342594,"minecraft:interact_with_grindstone":1,"minecraft:sleep_in_bed":4,"minecraft:time_since_rest":13382,"minecraft:damage_taken":15302,"minecraft:damage_dealt":25517,"minecraft:minecart_one_cm":142344,"minecraft:player_kills":2,"minecraft:swim_one_cm":94834,"minecraft:fly_one_cm":1435520,"minecraft:open_chest":118,"minecraft:crouch_one_cm":148336,"minecraft:interact_with_smoker":84,"minecraft:fall_one_cm":216653},"minecraft:mined":{"minecraft:oak_sapling":5,"minecraft:stone_pressure_plate":1,"minecraft:dark_oak_leaves":1,"minecraft:oak_door":3,"minecraft:cobblestone_stairs":1,"minecraft:brewing_stand":2,"minecraft:granite":14,"minecraft:grass_block":154,"minecraft:furnace":10,"minecraft:iron_ore":201,"minecraft:snow":5,"minecraft:andesite":14,"minecraft:anvil":1,"minecraft:white_glazed_terracotta":1,"minecraft:bookshelf":16,"plehemstruhtee:sandsient_metal":2,"minecraft:oak_stairs":10,"minecraft:stone":530,"minecraft:green_bed":1,"minecraft:melon_stem":1,"minecraft:smoker":7,"minecraft:orange_terracotta":1,"minecraft:oak_fence":19,"minecraft:smooth_sandstone":2,"minecraft:crafting_table":13,"minecraft:torch":4,"minecraft:melon":1,"minecraft:tall_grass":8,"minecraft:cobblestone":17,"minecraft:glass":8,"minecraft:oak_planks":64,"minecraft:wall_torch":6,"minecraft:diorite":13,"minecraft:lime_bed":2,"minecraft:cobblestone_wall":1,"minecraft:wheat":131,"minecraft:grass":54,"minecraft:coal_ore":122,"minecraft:oak_log":137,"minecraft:gravel":1,"minecraft:oak_fence_gate":2,"minecraft:sand":79,"minecraft:dirt":148,"minecraft:sandstone_wall":1,"minecraft:gold_ore":3,"minecraft:oak_leaves":5},"minecraft:picked_up":{"minecraft:crafting_table":14,"minecraft:wheat":178,"minecraft:chicken":1,"minecraft:anvil":1,"minecraft:diamond_sword":2,"minecraft:oak_stairs":8,"minecraft:potion":1,"minecraft:brewing_stand":2,"minecraft:cooked_salmon":8,"minecraft:string":4,"minecraft:oak_trapdoor":2,"minecraft:iron_axe":1,"minecraft:wooden_sword":2,"minecraft:diamond_leggings":1,"minecraft:bucket":2,"minecraft:beef":67,"minecraft:iron_pickaxe":1,"minecraft:melon_slice":5,"minecraft:furnace":10,"minecraft:stick":20,"minecraft:oak_door":3,"minecraft:oak_fence":18,"minecraft:torch":34,"minecraft:acacia_log":2,"minecraft:green_bed":1,"minecraft:porkchop":58,"minecraft:sandstone_wall":1,"plehemstruhtee:sandsient_stone":3,"minecraft:diorite":16,"minecraft:redstone":5,"minecraft:golden_chestplate":1,"minecraft:stone_pressure_plate":1,"minecraft:diamond_chestplate":1,"minecraft:stone_sword":2,"minecraft:cactus":1,"minecraft:arrow":16,"minecraft:stone_shovel":1,"minecraft:rotten_flesh":82,"minecraft:diamond_boots":1,"minecraft:saddle":1,"minecraft:totem_of_undying":1,"minecraft:mutton":26,"minecraft:white_wool":15,"minecraft:snowball":5,"minecraft:cobblestone":561,"minecraft:feather":1,"minecraft:lime_bed":2,"minecraft:cooked_beef":44,"minecraft:salmon":1,"minecraft:water_bucket":1,"minecraft:andesite":32,"minecraft:leather":36,"minecraft:golden_leggings":2,"minecraft:smoker":7,"minecraft:birch_planks":2,"minecraft:flint":1,"minecraft:oak_log":132,"minecraft:jungle_button":1,"minecraft:gunpowder":3,"minecraft:cobblestone_wall":1,"minecraft:cobblestone_stairs":1,"minecraft:dirt":482,"minecraft:white_banner":2,"minecraft:orange_terracotta":1,"minecraft:smooth_sandstone":2,"minecraft:glass":9,"minecraft:bone":18,"minecraft:bow":2,"minecraft:wheat_seeds":368,"minecraft:iron_ingot":1,"minecraft:oak_fence_gate":2,"minecraft:stone_pickaxe":3,"minecraft:iron_ore":195,"minecraft:diamond_helmet":1,"minecraft:oak_planks":529,"minecraft:stone_hoe":1,"minecraft:iron_sword":1,"minecraft:oak_slab":2,"minecraft:book":48,"minecraft:sand":105,"minecraft:ink_sac":1,"minecraft:gold_ore":3,"minecraft:spider_eye":1,"minecraft:stone_axe":1,"minecraft:granite":21,"minecraft:gray_wool":1,"minecraft:bread":29,"minecraft:emerald":2,"minecraft:black_wool":1,"minecraft:oak_sapling":14,"minecraft:melon_seeds":2,"minecraft:coal":166},"minecraft:killed_by":{"minecraft:evoker":1,"minecraft:player":1,"minecraft:creeper":8,"minecraft:spider":1,"minecraft:ravager":2,"minecraft:vindicator":2,"minecraft:skeleton":3,"minecraft:zombie":8,"minecraft:vex":1}},"DataVersion":2586}