{"stats":{"minecraft:broken":{"minecraft:iron_sword":1,"minecraft:iron_pickaxe":1},"minecraft:killed":{"minecraft:pig":3,"minecraft:spider":2,"minecraft:skeleton":4,"minecraft:zombie":19,"plehemstruhtee:soul_eater":1},"minecraft:crafted":{"minecraft:oak_planks":36,"minecraft:cooked_porkchop":5,"minecraft:crafting_table":1,"minecraft:iron_sword":2,"minecraft:furnace":4,"minecraft:bone_meal":12,"minecraft:oak_wood":6,"minecraft:air":0,"minecraft:stick":64,"minecraft:iron_ingot":63,"minecraft:iron_pickaxe":4,"minecraft:torch":160},"minecraft:picked_up":{"minecraft:crafting_table":1,"minecraft:iron_chestplate":1,"minecraft:cooked_beef":10,"byg:tall_pink_allium":3,"minecraft:lead":1,"minecraft:oak_log":18,"minecraft:yellow_bed":1,"plehemstruhtee:soulcrystall":1,"minecraft:dirt":44,"minecraft:iron_axe":2,"minecraft:iron_leggings":2,"byg:scoria_cobblestone":14,"minecraft:iron_shovel":1,"minecraft:bone":6,"minecraft:wheat_seeds":2,"minecraft:iron_ore":77,"minecraft:iron_pickaxe":2,"minecraft:iron_sword":1,"minecraft:oak_planks":1,"minecraft:iron_boots":2,"minecraft:furnace":4,"minecraft:torch":19,"minecraft:porkchop":6,"minecraft:diorite":26,"minecraft:white_bed":3,"minecraft:carrot":45,"minecraft:gold_ore":8,"minecraft:iron_hoe":2,"minecraft:arrow":6,"minecraft:rotten_flesh":15,"minecraft:beetroot_seeds":2,"minecraft:hay_block":10,"minecraft:iron_helmet":2,"minecraft:granite":5,"minecraft:brick_stairs":2,"minecraft:bricks":40,"minecraft:coal":235,"byg:rocky_stone":5,"minecraft:cobblestone":255},"minecraft:used":{"minecraft:iron_sword":394,"minecraft:torch":96,"minecraft:dirt":16,"minecraft:crafting_table":2,"minecraft:carrot":37,"minecraft:white_bed":2,"minecraft:oak_log":1,"minecraft:iron_hoe":4,"minecraft:iron_axe":38,"minecraft:iron_pickaxe":813,"minecraft:cobblestone":37,"minecraft:furnace":4,"minecraft:cooked_porkchop":3,"minecraft:yellow_bed":1,"minecraft:trapped_chest":1,"minecraft:cooked_beef":4},"minecraft:custom":{"minecraft:interact_with_furnace":32,"minecraft:mob_kills":27,"minecraft:interact_with_anvil":1,"minecraft:interact_with_crafting_table":5,"minecraft:play_one_minute":108184,"minecraft:interact_with_stonecutter":1,"minecraft:leave_game":2,"minecraft:time_since_death":99499,"minecraft:sleep_in_bed":3,"minecraft:time_since_rest":28288,"minecraft:sprint_one_cm":85600,"minecraft:damage_taken":1749,"minecraft:walk_one_cm":283537,"minecraft:trigger_trapped_chest":3,"minecraft:drop":28,"minecraft:damage_dealt":6113,"minecraft:fly_one_cm":89657,"minecraft:player_kills":1,"minecraft:open_chest":9,"minecraft:crouch_one_cm":51237,"minecraft:deaths":1,"minecraft:sneak_time":22493,"minecraft:walk_under_water_one_cm":485,"minecraft:jump":959,"minecraft:interact_with_brewingstand":1,"minecraft:interact_with_blast_furnace":7,"minecraft:walk_on_water_one_cm":4302,"minecraft:fall_one_cm":16658},"minecraft:killed_by":{"minecraft:player":1},"minecraft:dropped":{"minecraft:bricks":40,"minecraft:porkchop":1,"minecraft:wheat_seeds":2,"minecraft:lead":1,"minecraft:cobblestone":5,"minecraft:oak_planks":1,"minecraft:iron_hoe":2,"minecraft:granite":1,"minecraft:hay_block":10,"minecraft:brick_stairs":2,"minecraft:diorite":26,"minecraft:torch":2,"byg:rocky_stone":1,"minecraft:oak_wood":6,"minecraft:beetroot_seeds":2,"minecraft:iron_leggings":1,"byg:tall_pink_allium":3,"minecraft:iron_pickaxe":2,"minecraft:iron_shovel":1,"byg:scoria_cobblestone":5},"minecraft:mined":{"minecraft:white_bed":3,"minecraft:glass_pane":1,"minecraft:crafting_table":1,"byg:pink_allium_flower_bush":13,"minecraft:granite":16,"minecraft:grass_block":20,"minecraft:brick_stairs":2,"minecraft:white_stained_glass":3,"minecraft:oak_pressure_plate":1,"minecraft:cobblestone":4,"minecraft:oak_planks":1,"minecraft:bricks":24,"minecraft:diorite":26,"minecraft:hay_block":18,"byg:soapstone":14,"byg:scoria_stone":14,"minecraft:furnace":4,"minecraft:carrots":18,"minecraft:wheat":2,"minecraft:iron_ore":78,"byg:short_grass":2,"minecraft:andesite":17,"minecraft:grass_path":1,"minecraft:yellow_bed":4,"minecraft:grass":17,"minecraft:oak_log":18,"minecraft:coal_ore":244,"minecraft:beetroots":1,"byg:tall_pink_allium":2,"minecraft:dirt":23,"byg:rocky_stone":5,"minecraft:stone":333,"byg:tall_allium":12,"minecraft:gold_ore":8}},"DataVersion":2586}