{"stats":{"minecraft:used":{"minecraft:stone_sword":29,"minecraft:stone_pickaxe":599,"minecraft:shield":4,"minecraft:iron_sword":63,"minecraft:green_bed":2,"minecraft:torch":157,"minecraft:crafting_table":1,"minecraft:granite":5,"minecraft:diamond_pickaxe":39,"minecraft:bread":27,"minecraft:iron_pickaxe":462,"minecraft:bow":2,"minecraft:cobblestone":96,"minecraft:furnace":1},"minecraft:killed":{"minecraft:bat":2,"minecraft:skeleton":3,"minecraft:zombie":2},"minecraft:dropped":{"minecraft:gravel":1,"minecraft:furnace":1,"minecraft:stone_sword":4,"minecraft:oak_fence":1,"minecraft:cobblestone":64,"minecraft:rotten_flesh":2,"minecraft:oak_planks":1,"minecraft:granite":29,"minecraft:flint":1,"minecraft:leather_chestplate":1,"minecraft:gunpowder":1,"minecraft:spruce_planks":1,"minecraft:rose_bush":1,"minecraft:bow":1,"minecraft:iron_ore":4,"minecraft:arrow":4,"minecraft:stone_pickaxe":5,"minecraft:bone":14},"minecraft:broken":{"minecraft:stone_pickaxe":3,"minecraft:iron_pickaxe":3,"minecraft:iron_helmet":1},"minecraft:crafted":{"minecraft:furnace":1,"minecraft:bread":32,"minecraft:diamond_helmet":1,"minecraft:diamond_leggings":1,"minecraft:diamond_pickaxe":1,"minecraft:stick":44,"minecraft:stone_pickaxe":11,"minecraft:torch":122},"minecraft:custom":{"minecraft:interact_with_furnace":5,"minecraft:mob_kills":9,"minecraft:interact_with_crafting_table":12,"minecraft:tune_noteblock":210,"minecraft:play_one_minute":125988,"minecraft:interact_with_grindstone":1,"minecraft:leave_game":3,"minecraft:time_since_death":47472,"minecraft:sleep_in_bed":4,"minecraft:climb_one_cm":328,"minecraft:time_since_rest":1252,"minecraft:sprint_one_cm":8901,"minecraft:damage_taken":2171,"minecraft:walk_one_cm":388078,"minecraft:drop":37,"minecraft:minecart_one_cm":764,"minecraft:damage_dealt":2025,"minecraft:swim_one_cm":520,"minecraft:fly_one_cm":6107,"minecraft:open_chest":24,"minecraft:crouch_one_cm":1851,"minecraft:deaths":2,"minecraft:sneak_time":1233,"minecraft:walk_under_water_one_cm":3266,"minecraft:jump":949,"minecraft:walk_on_water_one_cm":28663,"minecraft:fall_one_cm":6411,"minecraft:horse_one_cm":389898},"minecraft:mined":{"minecraft:diamond_ore":10,"minecraft:obsidian":3,"minecraft:torch":8,"minecraft:granite":48,"minecraft:cobblestone":11,"minecraft:lapis_ore":4,"minecraft:diorite":31,"minecraft:wall_torch":15,"minecraft:redstone_ore":19,"minecraft:iron_ore":13,"minecraft:andesite":52,"minecraft:coal_ore":97,"minecraft:gravel":1,"minecraft:dirt":2,"minecraft:stone":781,"minecraft:green_bed":1},"minecraft:picked_up":{"minecraft:leather_chestplate":1,"minecraft:crafting_table":1,"minecraft:wheat":32,"minecraft:andesite":61,"minecraft:flint":1,"minecraft:shield":1,"minecraft:gunpowder":1,"minecraft:lapis_lazuli":32,"minecraft:iron_leggings":1,"minecraft:bone":14,"minecraft:bow":1,"minecraft:spruce_planks":1,"minecraft:stone_pickaxe":9,"minecraft:iron_ore":4,"minecraft:rose_bush":1,"minecraft:iron_pickaxe":2,"minecraft:iron_sword":1,"minecraft:oak_planks":23,"minecraft:furnace":2,"minecraft:stick":25,"minecraft:oak_fence":1,"minecraft:torch":96,"minecraft:green_bed":2,"minecraft:gravel":1,"minecraft:diorite":36,"minecraft:redstone":80,"minecraft:stone_sword":3,"minecraft:arrow":10,"minecraft:rotten_flesh":2,"minecraft:diamond":14,"minecraft:stone_axe":1,"minecraft:granite":47,"minecraft:bread":1,"minecraft:oak_sapling":1,"minecraft:obsidian":3,"minecraft:coal":93,"minecraft:cobblestone":761},"minecraft:killed_by":{"minecraft:skeleton":1,"minecraft:zombie":1}},"DataVersion":2586}