{"stats":{"minecraft:used":{"minecraft:stone_pickaxe":18,"minecraft:baked_potato":1,"minecraft:egg":9},"minecraft:broken":{"minecraft:leather_helmet":1},"minecraft:dropped":{"minecraft:sandstone_wall":2,"minecraft:rotten_flesh":3},"minecraft:custom":{"minecraft:open_chest":3,"minecraft:time_since_rest":3690,"minecraft:play_one_minute":26384,"minecraft:crouch_one_cm":173,"minecraft:sprint_one_cm":3723,"minecraft:walk_one_cm":189324,"minecraft:damage_taken":2487,"minecraft:deaths":7,"minecraft:sneak_time":18,"minecraft:bell_ring":28,"minecraft:drop":3,"minecraft:jump":269,"minecraft:damage_dealt":178,"minecraft:leave_game":1,"minecraft:time_since_death":4265,"minecraft:walk_on_water_one_cm":304,"minecraft:sleep_in_bed":1,"minecraft:climb_one_cm":16,"minecraft:talked_to_villager":1,"minecraft:fall_one_cm":3768,"minecraft:fly_one_cm":2449},"minecraft:mined":{"minecraft:cyan_bed":1},"minecraft:picked_up":{"minecraft:rotten_flesh":7,"minecraft:sandstone_wall":2,"minecraft:stone_pickaxe":1,"minecraft:bread":20,"minecraft:baked_potato":1,"minecraft:cyan_bed":1,"minecraft:leather_helmet":1,"minecraft:egg":9},"minecraft:killed_by":{"minecraft:vindicator":2,"minecraft:husk":1,"minecraft:iron_golem":2,"minecraft:player":1,"minecraft:vex":1}},"DataVersion":2586}