{"stats":{"minecraft:killed_by":{"minecraft:zombie":1},"minecraft:custom":{"minecraft:time_since_rest":57303,"minecraft:open_chest":1,"minecraft:crouch_one_cm":229,"minecraft:play_one_minute":92567,"minecraft:sprint_one_cm":21101,"minecraft:deaths":3,"minecraft:damage_taken":1335,"minecraft:walk_one_cm":114490,"minecraft:sneak_time":1075,"minecraft:mob_kills":1,"minecraft:drop":4,"minecraft:jump":451,"minecraft:damage_dealt":424,"minecraft:leave_game":1,"minecraft:time_since_death":57273,"minecraft:climb_one_cm":4659,"minecraft:fall_one_cm":20380,"minecraft:fly_one_cm":448669},"minecraft:mined":{"minecraft:grass_block":1,"minecraft:cocoa":3},"minecraft:picked_up":{"minecraft:cocoa_beans":5,"minecraft:diamond_sword":1,"minecraft:porkchop":1,"minecraft:brick_stairs":1,"minecraft:grass_block":1,"minecraft:gunpowder":2,"minecraft:bricks":1,"minecraft:oak_planks":1,"minecraft:dirt":1,"minecraft:ender_pearl":1},"minecraft:dropped":{"minecraft:bricks":1,"minecraft:diamond_sword":1,"minecraft:oak_planks":1,"minecraft:brick_stairs":1},"minecraft:used":{"minecraft:diamond_sword":3,"minecraft:dirt":1,"minecraft:bricks":641,"minecraft:cobblestone":642,"minecraft:birch_planks":1,"minecraft:dark_oak_fence":23,"minecraft:white_stained_glass":30,"minecraft:iron_pickaxe":1,"minecraft:brick_stairs":16,"minecraft:oak_planks":92,"minecraft:iron_sword":7,"minecraft:dark_oak_door":3}},"DataVersion":2586}