{"stats":{"minecraft:broken":{"minecraft:golden_helmet":1,"minecraft:iron_chestplate":1,"minecraft:iron_leggings":1,"minecraft:wooden_pickaxe":1,"minecraft:stone_pickaxe":11,"minecraft:golden_sword":1,"minecraft:iron_pickaxe":1,"minecraft:iron_helmet":1,"minecraft:golden_chestplate":1},"minecraft:dropped":{"minecraft:iron_ingot":22,"minecraft:stripped_spruce_log":4,"minecraft:brown_mushroom":1,"minecraft:oak_log":44,"minecraft:crafting_table":3,"minecraft:cobblestone":201,"minecraft:granite":4,"minecraft:coal":4,"minecraft:cobblestone_stairs":4,"minecraft:dirt":2,"minecraft:ink_sac":2,"minecraft:torch":18,"minecraft:cooked_salmon":7,"minecraft:lily_pad":14,"minecraft:birch_log":3,"minecraft:bucket":2,"minecraft:oak_door":5,"minecraft:sugar_cane":4,"minecraft:cobblestone_wall":6,"minecraft:wheat":5,"minecraft:rotten_flesh":50,"minecraft:oak_planks":46,"minecraft:shield":1,"minecraft:oak_button":2,"minecraft:golden_sword":1,"minecraft:iron_ore":14,"minecraft:wooden_pickaxe":1,"minecraft:arrow":4,"minecraft:stone_pickaxe":3},"minecraft:killed":{"minecraft:spider":1,"minecraft:skeleton":3,"minecraft:salmon":22,"minecraft:bat":1,"minecraft:squid":2,"minecraft:zombie":11},"minecraft:mined":{"minecraft:cobblestone_stairs":2,"minecraft:acacia_log":1,"minecraft:grass_block":12,"minecraft:redstone_wire":20,"minecraft:oak_pressure_plate":2,"minecraft:spruce_leaves":9,"minecraft:tall_seagrass":8,"minecraft:magma_block":4,"minecraft:redstone_ore":26,"minecraft:furnace":1,"minecraft:iron_ore":49,"minecraft:andesite":26,"minecraft:stripped_spruce_log":2,"minecraft:stone":1303,"minecraft:tripwire":1,"minecraft:red_bed":2,"minecraft:spruce_door":3,"minecraft:crafting_table":3,"minecraft:torch":10,"minecraft:cobblestone":28,"minecraft:lapis_ore":19,"minecraft:diorite":42,"minecraft:wall_torch":11,"minecraft:seagrass":2,"minecraft:light_blue_bed":1,"minecraft:cobblestone_wall":1,"minecraft:birch_log":1,"minecraft:wheat":3,"minecraft:spruce_log":36,"minecraft:grass":4,"minecraft:oak_log":96,"minecraft:coal_ore":221,"minecraft:gravel":20,"minecraft:sand":71,"minecraft:dirt":28,"minecraft:oak_button":1,"minecraft:gold_ore":3,"minecraft:oak_leaves":4,"minecraft:infested_stone":2},"minecraft:picked_up":{"minecraft:crafting_table":6,"minecraft:wheat":15,"minecraft:brown_mushroom":3,"minecraft:lead":2,"minecraft:diamond_sword":1,"minecraft:wooden_pickaxe":1,"minecraft:shield":3,"minecraft:golden_sword":2,"minecraft:string":4,"minecraft:red_bed":1,"minecraft:cooked_salmon":8,"minecraft:bucket":1,"minecraft:spruce_planks":61,"minecraft:iron_pickaxe":3,"minecraft:sugar_cane":4,"minecraft:furnace":2,"minecraft:egg":12,"minecraft:golden_helmet":1,"minecraft:stick":91,"minecraft:oak_door":10,"minecraft:torch":70,"minecraft:diorite":40,"minecraft:redstone":219,"minecraft:golden_chestplate":1,"minecraft:arrow":24,"minecraft:rotten_flesh":67,"minecraft:saddle":2,"minecraft:gold_ingot":31,"minecraft:snowball":12,"minecraft:cobblestone":1911,"minecraft:birch_log":3,"minecraft:magma_block":4,"minecraft:andesite":37,"minecraft:salmon":20,"minecraft:leather":6,"minecraft:flint":5,"minecraft:oak_log":222,"minecraft:lily_pad":17,"minecraft:cobblestone_wall":1,"minecraft:golden_boots":1,"minecraft:gunpowder":4,"minecraft:cobblestone_stairs":6,"minecraft:lapis_lazuli":139,"minecraft:dirt":66,"minecraft:name_tag":1,"minecraft:glass":31,"minecraft:bone":3,"minecraft:bow":3,"minecraft:wheat_seeds":1,"minecraft:iron_ingot":44,"minecraft:stone_pickaxe":7,"minecraft:iron_ore":68,"minecraft:oak_planks":185,"minecraft:cooked_porkchop":9,"minecraft:oak_pressure_plate":2,"minecraft:gravel":19,"minecraft:sand":121,"minecraft:stripped_spruce_log":6,"minecraft:ink_sac":13,"minecraft:spruce_log":35,"minecraft:gold_ore":6,"minecraft:spruce_door":3,"minecraft:iron_hoe":1,"minecraft:stone_axe":3,"minecraft:iron_helmet":1,"minecraft:granite":6,"minecraft:bread":32,"minecraft:oak_button":3,"minecraft:oak_sapling":1,"minecraft:coal":510,"minecraft:ender_pearl":2},"minecraft:custom":{"minecraft:interact_with_anvil":7,"minecraft:mob_kills":41,"minecraft:interact_with_crafting_table":110,"minecraft:leave_game":11,"minecraft:time_since_death":31621,"minecraft:climb_one_cm":29615,"minecraft:sprint_one_cm":7255,"minecraft:walk_one_cm":2233391,"minecraft:drop":78,"minecraft:deaths":31,"minecraft:sneak_time":282,"minecraft:walk_under_water_one_cm":134139,"minecraft:boat_one_cm":54250,"minecraft:jump":5351,"minecraft:interact_with_brewingstand":1,"minecraft:interact_with_blast_furnace":2,"minecraft:walk_on_water_one_cm":155708,"minecraft:interact_with_furnace":60,"minecraft:interact_with_cartography_table":4,"minecraft:play_one_minute":626504,"minecraft:interact_with_grindstone":1,"minecraft:sleep_in_bed":23,"minecraft:time_since_rest":13587,"minecraft:damage_taken":12024,"minecraft:damage_dealt":4705,"minecraft:swim_one_cm":16417,"minecraft:fly_one_cm":24871,"minecraft:open_chest":94,"minecraft:crouch_one_cm":375,"minecraft:fall_one_cm":69630,"minecraft:horse_one_cm":286500},"minecraft:crafted":{"minecraft:black_dye":1,"minecraft:oak_door":15,"minecraft:oak_planks":304,"minecraft:oak_pressure_plate":1,"minecraft:furnace":8,"minecraft:cobblestone_stairs":8,"minecraft:spruce_pressure_plate":6,"minecraft:glass":19,"minecraft:iron_boots":1,"minecraft:spruce_slab":6,"minecraft:ladder":33,"minecraft:iron_hoe":1,"minecraft:stone_pickaxe":19,"minecraft:cobblestone_wall":6,"minecraft:chest":7,"minecraft:oak_button":4,"minecraft:cooked_porkchop":8,"minecraft:crafting_table":10,"minecraft:spruce_planks":92,"minecraft:iron_helmet":1,"minecraft:iron_sword":1,"minecraft:spruce_door":3,"minecraft:cooked_salmon":20,"minecraft:bucket":2,"minecraft:stone_axe":3,"minecraft:bread":2,"minecraft:blue_dye":2,"minecraft:iron_chestplate":1,"minecraft:gold_nugget":1,"minecraft:shield":1,"minecraft:stick":200,"minecraft:iron_ingot":61,"minecraft:iron_pickaxe":1,"minecraft:gold_ingot":12,"minecraft:iron_leggings":1,"minecraft:torch":252},"minecraft:used":{"minecraft:redstone":42,"minecraft:ladder":31,"minecraft:chest":7,"minecraft:iron_sword":76,"minecraft:shield":50,"minecraft:cooked_salmon":13,"minecraft:rotten_flesh":3,"minecraft:oak_door":12,"minecraft:torch":250,"minecraft:dirt":31,"minecraft:cobblestone_wall":1,"minecraft:iron_hoe":74,"minecraft:glass":4,"minecraft:golden_sword":8,"minecraft:magma_block":1,"minecraft:bow":1,"minecraft:furnace":9,"minecraft:egg":5,"minecraft:wheat_seeds":18,"minecraft:water_bucket":3,"minecraft:diorite":39,"minecraft:cobblestone_stairs":6,"minecraft:spruce_door":6,"minecraft:lead":1,"minecraft:stone_pickaxe":1699,"minecraft:ender_pearl":1,"minecraft:wooden_pickaxe":48,"minecraft:crafting_table":13,"minecraft:red_bed":1,"minecraft:string":2,"minecraft:bread":15,"minecraft:iron_pickaxe":245,"minecraft:oak_button":3,"minecraft:spruce_pressure_plate":4,"minecraft:oak_pressure_plate":2,"minecraft:gravel":13,"minecraft:stone_axe":216,"minecraft:diamond_sword":6,"minecraft:cobblestone":355,"minecraft:cooked_porkchop":16,"minecraft:andesite":14,"minecraft:bucket":4},"minecraft:killed_by":{"minecraft:endermite":1,"minecraft:player":5,"minecraft:wolf":1,"minecraft:creeper":4,"minecraft:enderman":2,"minecraft:skeleton":6,"minecraft:zombie":8}},"DataVersion":2586}