{"stats":{"minecraft:dropped":{"minecraft:diamond_sword":1,"minecraft:bricks":1,"minecraft:brick_stairs":1,"minecraft:dark_oak_fence":1,"minecraft:purpur_slab":1,"minecraft:oak_planks":1,"minecraft:wither_rose":1},"minecraft:killed_by":{"minecraft:zombie":1},"minecraft:picked_up":{"minecraft:cocoa_beans":5,"minecraft:torch":1,"minecraft:diamond_sword":1,"minecraft:porkchop":1,"minecraft:wither_rose":1,"minecraft:grass_block":1,"minecraft:gunpowder":2,"minecraft:dirt":1,"minecraft:purpur_slab":1,"minecraft:brick_stairs":1,"minecraft:dark_oak_fence":1,"minecraft:oak_planks":1,"minecraft:bricks":1,"minecraft:ender_pearl":1},"minecraft:custom":{"minecraft:time_since_rest":177456,"minecraft:sprint_one_cm":28398,"minecraft:damage_taken":1335,"minecraft:walk_one_cm":406989,"minecraft:trigger_trapped_chest":4,"minecraft:mob_kills":1,"minecraft:drop":7,"minecraft:damage_dealt":551,"minecraft:fly_one_cm":728089,"minecraft:open_chest":1,"minecraft:crouch_one_cm":564,"minecraft:play_one_minute":212720,"minecraft:deaths":3,"minecraft:sneak_time":1957,"minecraft:jump":679,"minecraft:leave_game":2,"minecraft:time_since_death":177426,"minecraft:climb_one_cm":5515,"minecraft:fall_one_cm":20380},"minecraft:mined":{"minecraft:grass_block":1,"minecraft:cocoa":3},"minecraft:used":{"minecraft:bricks":1302,"minecraft:acacia_door":3,"minecraft:birch_planks":1,"minecraft:brick_stairs":41,"minecraft:iron_pickaxe":1,"minecraft:oak_planks":387,"minecraft:purpur_slab":8,"minecraft:spruce_trapdoor":38,"minecraft:iron_sword":7,"minecraft:iron_door":3,"minecraft:soul_campfire":13,"minecraft:diamond_sword":3,"minecraft:dirt":1,"minecraft:purpur_stairs":4,"minecraft:cobblestone":1470,"minecraft:dark_oak_fence":92,"minecraft:jungle_door":1,"minecraft:blast_furnace":6,"minecraft:white_stained_glass":218,"minecraft:trapped_chest":9,"minecraft:crimson_pressure_plate":36,"minecraft:black_bed":2,"minecraft:dark_oak_door":3}},"DataVersion":2586}