{"stats":{"minecraft:broken":{"minecraft:golden_helmet":1,"minecraft:iron_chestplate":1,"minecraft:iron_leggings":1,"minecraft:wooden_pickaxe":1,"minecraft:stone_pickaxe":5,"minecraft:golden_sword":1,"minecraft:iron_helmet":1,"minecraft:golden_chestplate":1},"minecraft:picked_up":{"minecraft:crafting_table":6,"minecraft:wheat":13,"minecraft:brown_mushroom":3,"minecraft:diamond_sword":1,"minecraft:wooden_pickaxe":1,"minecraft:shield":2,"minecraft:golden_sword":2,"minecraft:string":4,"minecraft:red_bed":1,"minecraft:cooked_salmon":8,"minecraft:spruce_planks":61,"minecraft:iron_pickaxe":3,"minecraft:sugar_cane":4,"minecraft:furnace":2,"minecraft:egg":6,"minecraft:golden_helmet":1,"minecraft:stick":53,"minecraft:oak_door":8,"minecraft:torch":64,"minecraft:diorite":40,"minecraft:redstone":219,"minecraft:golden_chestplate":1,"minecraft:arrow":20,"minecraft:rotten_flesh":61,"minecraft:saddle":2,"minecraft:gold_ingot":31,"minecraft:snowball":12,"minecraft:cobblestone":1011,"minecraft:birch_log":3,"minecraft:magma_block":4,"minecraft:andesite":37,"minecraft:salmon":20,"minecraft:leather":6,"minecraft:flint":5,"minecraft:oak_log":195,"minecraft:lily_pad":17,"minecraft:golden_boots":1,"minecraft:cobblestone_wall":1,"minecraft:gunpowder":4,"minecraft:lapis_lazuli":139,"minecraft:dirt":48,"minecraft:name_tag":1,"minecraft:glass":31,"minecraft:bone":3,"minecraft:bow":3,"minecraft:wheat_seeds":1,"minecraft:iron_ingot":44,"minecraft:stone_pickaxe":5,"minecraft:iron_ore":68,"minecraft:oak_planks":171,"minecraft:cooked_porkchop":9,"minecraft:oak_pressure_plate":2,"minecraft:gravel":19,"minecraft:sand":121,"minecraft:stripped_spruce_log":6,"minecraft:ink_sac":13,"minecraft:spruce_log":28,"minecraft:gold_ore":6,"minecraft:spruce_door":3,"minecraft:iron_hoe":1,"minecraft:stone_axe":3,"minecraft:iron_helmet":1,"minecraft:granite":6,"minecraft:bread":32,"minecraft:oak_button":2,"minecraft:coal":491,"minecraft:ender_pearl":2},"minecraft:used":{"minecraft:redstone":42,"minecraft:ladder":9,"minecraft:chest":5,"minecraft:shield":50,"minecraft:iron_sword":44,"minecraft:cooked_salmon":7,"minecraft:rotten_flesh":3,"minecraft:oak_door":4,"minecraft:torch":197,"minecraft:dirt":12,"minecraft:cobblestone_wall":1,"minecraft:iron_hoe":55,"minecraft:glass":4,"minecraft:golden_sword":8,"minecraft:magma_block":1,"minecraft:bow":1,"minecraft:furnace":7,"minecraft:diorite":39,"minecraft:spruce_door":6,"minecraft:stone_pickaxe":933,"minecraft:ender_pearl":1,"minecraft:wooden_pickaxe":48,"minecraft:crafting_table":11,"minecraft:red_bed":1,"minecraft:bread":7,"minecraft:oak_button":3,"minecraft:string":2,"minecraft:iron_pickaxe":220,"minecraft:spruce_pressure_plate":4,"minecraft:oak_pressure_plate":2,"minecraft:gravel":13,"minecraft:stone_axe":193,"minecraft:cobblestone":284,"minecraft:cooked_porkchop":16,"minecraft:andesite":14},"minecraft:mined":{"minecraft:acacia_log":1,"minecraft:grass_block":9,"minecraft:redstone_wire":20,"minecraft:oak_pressure_plate":2,"minecraft:spruce_leaves":9,"minecraft:tall_seagrass":8,"minecraft:magma_block":4,"minecraft:redstone_ore":26,"minecraft:furnace":1,"minecraft:iron_ore":49,"minecraft:andesite":26,"minecraft:stripped_spruce_log":2,"minecraft:stone":565,"minecraft:tripwire":1,"minecraft:red_bed":2,"minecraft:spruce_door":3,"minecraft:crafting_table":3,"minecraft:torch":8,"minecraft:cobblestone":22,"minecraft:lapis_ore":19,"minecraft:diorite":42,"minecraft:wall_torch":9,"minecraft:seagrass":2,"minecraft:light_blue_bed":1,"minecraft:cobblestone_wall":1,"minecraft:wheat":1,"minecraft:birch_log":1,"minecraft:spruce_log":28,"minecraft:grass":3,"minecraft:oak_log":82,"minecraft:coal_ore":196,"minecraft:gravel":20,"minecraft:sand":71,"minecraft:dirt":13,"minecraft:oak_button":1,"minecraft:gold_ore":3,"minecraft:oak_leaves":4,"minecraft:infested_stone":2},"minecraft:crafted":{"minecraft:black_dye":1,"minecraft:oak_door":6,"minecraft:oak_planks":248,"minecraft:oak_pressure_plate":1,"minecraft:furnace":6,"minecraft:spruce_pressure_plate":6,"minecraft:glass":19,"minecraft:iron_hoe":1,"minecraft:ladder":9,"minecraft:spruce_slab":6,"minecraft:stone_pickaxe":13,"minecraft:cobblestone_wall":6,"minecraft:chest":5,"minecraft:oak_button":3,"minecraft:cooked_porkchop":8,"minecraft:crafting_table":8,"minecraft:spruce_planks":92,"minecraft:iron_sword":1,"minecraft:spruce_door":3,"minecraft:cooked_salmon":20,"minecraft:bucket":1,"minecraft:stone_axe":3,"minecraft:bread":1,"minecraft:blue_dye":2,"minecraft:stick":124,"minecraft:iron_ingot":41,"minecraft:iron_pickaxe":1,"minecraft:gold_ingot":12,"minecraft:torch":252},"minecraft:custom":{"minecraft:mob_kills":34,"minecraft:interact_with_anvil":7,"minecraft:interact_with_crafting_table":77,"minecraft:leave_game":7,"minecraft:time_since_death":3056,"minecraft:climb_one_cm":10245,"minecraft:sprint_one_cm":6962,"minecraft:walk_one_cm":1709451,"minecraft:drop":56,"minecraft:deaths":30,"minecraft:sneak_time":251,"minecraft:walk_under_water_one_cm":117581,"minecraft:boat_one_cm":54250,"minecraft:jump":4425,"minecraft:interact_with_blast_furnace":2,"minecraft:walk_on_water_one_cm":110282,"minecraft:interact_with_furnace":51,"minecraft:interact_with_cartography_table":4,"minecraft:play_one_minute":497481,"minecraft:interact_with_grindstone":1,"minecraft:sleep_in_bed":18,"minecraft:time_since_rest":3082,"minecraft:damage_taken":10951,"minecraft:damage_dealt":3474,"minecraft:swim_one_cm":11545,"minecraft:fly_one_cm":23094,"minecraft:open_chest":65,"minecraft:crouch_one_cm":375,"minecraft:fall_one_cm":60514,"minecraft:horse_one_cm":281534},"minecraft:killed_by":{"minecraft:endermite":1,"minecraft:player":5,"minecraft:wolf":1,"minecraft:creeper":4,"minecraft:enderman":2,"minecraft:skeleton":6,"minecraft:zombie":7},"minecraft:killed":{"minecraft:spider":1,"minecraft:skeleton":3,"minecraft:salmon":22,"minecraft:bat":1,"minecraft:squid":2,"minecraft:zombie":4},"minecraft:dropped":{"minecraft:iron_ingot":10,"minecraft:stripped_spruce_log":4,"minecraft:brown_mushroom":1,"minecraft:oak_log":44,"minecraft:crafting_table":3,"minecraft:cobblestone":11,"minecraft:granite":4,"minecraft:coal":4,"minecraft:dirt":1,"minecraft:ink_sac":2,"minecraft:torch":18,"minecraft:cooked_salmon":5,"minecraft:lily_pad":14,"minecraft:birch_log":3,"minecraft:bucket":1,"minecraft:oak_door":5,"minecraft:sugar_cane":4,"minecraft:cobblestone_wall":6,"minecraft:wheat":5,"minecraft:rotten_flesh":44,"minecraft:oak_planks":14,"minecraft:oak_button":1,"minecraft:golden_sword":1,"minecraft:iron_ore":14,"minecraft:wooden_pickaxe":1,"minecraft:stone_pickaxe":1}},"DataVersion":2586}