{"stats":{"minecraft:custom":{"minecraft:interact_with_anvil":8,"minecraft:mob_kills":100,"minecraft:interact_with_crafting_table":147,"minecraft:leave_game":13,"minecraft:time_since_death":40506,"minecraft:climb_one_cm":42131,"minecraft:sprint_one_cm":40670,"minecraft:walk_one_cm":3006802,"minecraft:drop":126,"minecraft:talked_to_villager":1,"minecraft:deaths":36,"minecraft:sneak_time":282,"minecraft:walk_under_water_one_cm":187631,"minecraft:boat_one_cm":54250,"minecraft:jump":6601,"minecraft:interact_with_brewingstand":1,"minecraft:interact_with_blast_furnace":2,"minecraft:walk_on_water_one_cm":198626,"minecraft:interact_with_furnace":73,"minecraft:interact_with_cartography_table":4,"minecraft:play_one_minute":789193,"minecraft:interact_with_grindstone":3,"minecraft:sleep_in_bed":25,"minecraft:time_since_rest":34273,"minecraft:damage_taken":15334,"minecraft:damage_dealt":11416,"minecraft:player_kills":1,"minecraft:swim_one_cm":20881,"minecraft:fly_one_cm":38886,"minecraft:open_chest":118,"minecraft:crouch_one_cm":375,"minecraft:interact_with_smoker":7,"minecraft:fall_one_cm":85532,"minecraft:horse_one_cm":286500},"minecraft:mined":{"minecraft:cobblestone_stairs":6,"minecraft:acacia_log":1,"minecraft:grass_block":22,"minecraft:redstone_wire":20,"minecraft:oak_pressure_plate":2,"minecraft:spruce_leaves":9,"minecraft:tall_seagrass":10,"minecraft:redstone_ore":26,"minecraft:magma_block":4,"minecraft:furnace":1,"minecraft:iron_ore":50,"minecraft:andesite":26,"minecraft:stripped_spruce_log":2,"minecraft:cobblestone_slab":2,"minecraft:stone":1364,"minecraft:tripwire":1,"minecraft:orange_bed":1,"minecraft:red_bed":2,"minecraft:spruce_door":4,"minecraft:crafting_table":3,"minecraft:torch":10,"minecraft:tall_grass":1,"minecraft:cobblestone":63,"minecraft:lapis_ore":19,"minecraft:diorite":43,"minecraft:wall_torch":14,"minecraft:seagrass":6,"minecraft:light_blue_bed":1,"minecraft:cobblestone_wall":1,"minecraft:ice":1,"minecraft:birch_log":1,"minecraft:wheat":43,"minecraft:spruce_log":36,"minecraft:birch_leaves":7,"minecraft:grass":14,"minecraft:oak_log":96,"minecraft:coal_ore":221,"minecraft:sand":133,"minecraft:gravel":20,"minecraft:dirt":30,"minecraft:oak_button":1,"minecraft:gold_ore":3,"minecraft:oak_leaves":5,"minecraft:infested_stone":2},"minecraft:broken":{"minecraft:golden_helmet":1,"minecraft:iron_boots":1,"minecraft:iron_chestplate":2,"minecraft:iron_leggings":2,"minecraft:wooden_pickaxe":1,"minecraft:stone_pickaxe":12,"minecraft:golden_sword":1,"minecraft:iron_pickaxe":1,"minecraft:iron_helmet":1,"minecraft:golden_chestplate":1},"minecraft:used":{"minecraft:stone_sword":167,"minecraft:redstone":42,"minecraft:ladder":31,"minecraft:chest":7,"minecraft:iron_sword":197,"minecraft:shield":69,"minecraft:cooked_salmon":28,"minecraft:rotten_flesh":3,"minecraft:oak_door":17,"minecraft:orange_bed":1,"minecraft:torch":317,"minecraft:dirt":31,"minecraft:cobblestone_wall":7,"minecraft:iron_hoe":119,"minecraft:glass":4,"minecraft:lava_bucket":1,"minecraft:golden_sword":8,"minecraft:magma_block":1,"minecraft:bow":1,"minecraft:furnace":12,"minecraft:egg":16,"minecraft:cooked_beef":5,"minecraft:wheat_seeds":58,"minecraft:water_bucket":20,"minecraft:diorite":39,"minecraft:cobblestone_stairs":18,"minecraft:spruce_door":10,"minecraft:lead":1,"minecraft:stone_pickaxe":1909,"minecraft:ender_pearl":1,"minecraft:wooden_pickaxe":48,"minecraft:cobblestone_slab":8,"minecraft:spruce_fence_gate":2,"minecraft:salmon":1,"minecraft:crafting_table":17,"minecraft:red_bed":1,"minecraft:string":2,"minecraft:bread":22,"minecraft:iron_pickaxe":245,"minecraft:oak_button":3,"minecraft:spruce_pressure_plate":4,"minecraft:oak_pressure_plate":2,"minecraft:gravel":13,"minecraft:stone_axe":217,"minecraft:diamond_sword":6,"minecraft:cobblestone":827,"minecraft:cooked_porkchop":16,"minecraft:andesite":14,"minecraft:bucket":22},"minecraft:dropped":{"minecraft:bread":8,"minecraft:iron_ingot":23,"minecraft:stripped_spruce_log":4,"minecraft:brown_mushroom":1,"minecraft:wheat_seeds":65,"minecraft:oak_log":44,"minecraft:crafting_table":3,"minecraft:cobblestone":201,"minecraft:iron_helmet":2,"minecraft:leather":6,"minecraft:granite":4,"minecraft:coal":15,"minecraft:cobblestone_stairs":4,"minecraft:stick":57,"minecraft:dirt":2,"minecraft:ink_sac":2,"minecraft:torch":19,"minecraft:cooked_salmon":13,"minecraft:string":2,"minecraft:lily_pad":14,"minecraft:birch_log":3,"minecraft:bucket":4,"minecraft:oak_door":5,"minecraft:sugar_cane":4,"minecraft:golden_chestplate":2,"minecraft:stone_sword":1,"minecraft:cobblestone_wall":6,"minecraft:wheat":7,"minecraft:rotten_flesh":74,"minecraft:oak_planks":46,"minecraft:shield":1,"minecraft:oak_button":2,"minecraft:golden_sword":1,"minecraft:iron_ore":14,"minecraft:arrow":4,"minecraft:wooden_pickaxe":1,"minecraft:stone_pickaxe":6},"minecraft:killed":{"minecraft:zombified_piglin":1,"minecraft:spider":3,"minecraft:skeleton":3,"minecraft:chicken":1,"minecraft:salmon":52,"minecraft:bat":1,"minecraft:creeper":1,"minecraft:squid":2,"minecraft:pillager":4,"minecraft:zombie":32,"minecraft:cow":2},"minecraft:crafted":{"minecraft:black_dye":1,"minecraft:oak_door":21,"minecraft:oak_planks":360,"minecraft:cobblestone_slab":18,"minecraft:golden_chestplate":1,"minecraft:oak_pressure_plate":1,"minecraft:furnace":10,"minecraft:cobblestone_stairs":12,"minecraft:spruce_pressure_plate":6,"minecraft:glass":19,"minecraft:iron_boots":1,"minecraft:spruce_slab":6,"minecraft:ladder":33,"minecraft:iron_hoe":1,"minecraft:stone_pickaxe":22,"minecraft:cobblestone_wall":12,"minecraft:chest":7,"minecraft:oak_button":4,"minecraft:golden_boots":1,"minecraft:cooked_beef":5,"minecraft:cooked_porkchop":8,"minecraft:crafting_table":16,"minecraft:spruce_planks":120,"minecraft:iron_helmet":2,"minecraft:iron_sword":1,"minecraft:spruce_door":6,"minecraft:cooked_salmon":46,"minecraft:bucket":4,"minecraft:stone_axe":3,"minecraft:bread":14,"minecraft:blue_dye":2,"minecraft:golden_leggings":1,"minecraft:iron_chestplate":1,"minecraft:gold_nugget":1,"minecraft:shield":1,"minecraft:stick":288,"minecraft:iron_ingot":61,"minecraft:iron_pickaxe":1,"minecraft:stone_sword":2,"minecraft:gold_ingot":12,"minecraft:iron_leggings":1,"minecraft:spruce_fence_gate":2,"minecraft:torch":332},"minecraft:killed_by":{"minecraft:endermite":1,"minecraft:player":5,"minecraft:wolf":1,"minecraft:creeper":4,"minecraft:pillager":2,"minecraft:enderman":2,"minecraft:skeleton":7,"minecraft:witch":1,"minecraft:zombie":8},"minecraft:picked_up":{"minecraft:crafting_table":6,"minecraft:wheat":56,"minecraft:brown_mushroom":3,"minecraft:lead":2,"minecraft:diamond_sword":1,"minecraft:wooden_pickaxe":1,"minecraft:shield":3,"minecraft:golden_sword":2,"minecraft:string":6,"minecraft:red_bed":1,"minecraft:cooked_salmon":9,"minecraft:bucket":1,"minecraft:spruce_planks":61,"minecraft:beef":5,"minecraft:cobblestone_slab":2,"minecraft:iron_pickaxe":3,"minecraft:sugar_cane":4,"minecraft:furnace":3,"minecraft:egg":18,"minecraft:golden_helmet":1,"minecraft:stick":91,"minecraft:oak_door":10,"minecraft:torch":74,"minecraft:diorite":40,"minecraft:redstone":219,"minecraft:golden_chestplate":3,"minecraft:orange_bed":1,"minecraft:stone_sword":1,"minecraft:arrow":24,"minecraft:rotten_flesh":91,"minecraft:saddle":2,"minecraft:gold_ingot":31,"minecraft:snowball":12,"minecraft:cobblestone":1995,"minecraft:birch_log":3,"minecraft:magma_block":4,"minecraft:andesite":37,"minecraft:salmon":52,"minecraft:leather":12,"minecraft:flint":5,"minecraft:oak_log":222,"minecraft:lily_pad":17,"minecraft:cobblestone_wall":1,"minecraft:golden_boots":1,"minecraft:gunpowder":4,"minecraft:cobblestone_stairs":10,"minecraft:lapis_lazuli":139,"minecraft:dirt":75,"minecraft:name_tag":1,"minecraft:glass":31,"minecraft:bone":3,"minecraft:bow":3,"minecraft:wheat_seeds":111,"minecraft:iron_ingot":45,"minecraft:stone_pickaxe":8,"minecraft:iron_ore":69,"minecraft:oak_planks":185,"minecraft:cooked_porkchop":9,"minecraft:oak_pressure_plate":2,"minecraft:gravel":19,"minecraft:sand":181,"minecraft:stripped_spruce_log":6,"minecraft:ink_sac":18,"minecraft:spruce_log":35,"minecraft:gold_ore":6,"minecraft:spruce_door":4,"minecraft:iron_hoe":1,"minecraft:stone_axe":3,"minecraft:iron_helmet":3,"minecraft:granite":6,"minecraft:bread":35,"minecraft:oak_button":3,"minecraft:oak_sapling":1,"minecraft:coal":517,"minecraft:ender_pearl":2}},"DataVersion":2586}