{"stats":{"minecraft:custom":{"minecraft:interact_with_anvil":8,"minecraft:mob_kills":110,"minecraft:animals_bred":7,"minecraft:inspect_hopper":3,"minecraft:interact_with_crafting_table":168,"minecraft:open_barrel":12,"minecraft:leave_game":18,"minecraft:time_since_death":21714,"minecraft:climb_one_cm":45228,"minecraft:sprint_one_cm":132085,"minecraft:walk_one_cm":3799162,"minecraft:drop":184,"minecraft:play_noteblock":1,"minecraft:talked_to_villager":1,"minecraft:deaths":50,"minecraft:sneak_time":485,"minecraft:walk_under_water_one_cm":231759,"minecraft:boat_one_cm":54250,"minecraft:jump":8335,"minecraft:interact_with_brewingstand":1,"minecraft:interact_with_blast_furnace":2,"minecraft:walk_on_water_one_cm":267138,"minecraft:interact_with_furnace":82,"minecraft:interact_with_cartography_table":4,"minecraft:tune_noteblock":1,"minecraft:play_one_minute":948580,"minecraft:interact_with_grindstone":3,"minecraft:sleep_in_bed":33,"minecraft:time_since_rest":8108,"minecraft:damage_taken":22684,"minecraft:damage_dealt":13405,"minecraft:player_kills":4,"minecraft:swim_one_cm":20881,"minecraft:fly_one_cm":86016,"minecraft:open_chest":134,"minecraft:crouch_one_cm":1002,"minecraft:aviate_one_cm":313305,"minecraft:interact_with_smoker":7,"minecraft:fall_one_cm":133351,"minecraft:horse_one_cm":286500},"minecraft:mined":{"minecraft:cobblestone_stairs":8,"minecraft:acacia_log":1,"minecraft:grass_block":26,"minecraft:redstone_wire":20,"minecraft:oak_pressure_plate":2,"minecraft:spruce_leaves":9,"minecraft:tall_seagrass":11,"minecraft:redstone_ore":26,"minecraft:magma_block":4,"minecraft:furnace":1,"minecraft:iron_ore":72,"minecraft:barrel":2,"minecraft:andesite":28,"minecraft:stripped_spruce_log":2,"minecraft:cobblestone_slab":2,"minecraft:stone":1368,"minecraft:orange_bed":1,"minecraft:green_bed":1,"minecraft:tripwire":1,"minecraft:red_bed":2,"minecraft:spruce_door":4,"minecraft:crafting_table":3,"minecraft:torch":10,"minecraft:dead_bush":1,"minecraft:tall_grass":1,"minecraft:cobblestone":67,"minecraft:lapis_ore":19,"minecraft:cyan_bed":3,"minecraft:diorite":43,"minecraft:wall_torch":14,"minecraft:seagrass":7,"minecraft:light_blue_bed":1,"minecraft:cobblestone_wall":4,"minecraft:birch_log":1,"minecraft:wheat":43,"minecraft:ice":9,"minecraft:spruce_log":36,"minecraft:birch_leaves":7,"minecraft:tnt":1,"minecraft:grass":16,"minecraft:coal_ore":245,"minecraft:oak_log":104,"minecraft:gravel":23,"minecraft:dirt":31,"minecraft:sand":133,"minecraft:oak_button":1,"minecraft:gold_ore":3,"minecraft:oak_leaves":5,"minecraft:infested_stone":2},"minecraft:killed":{"minecraft:zombified_piglin":1,"minecraft:witch":1,"minecraft:spider":5,"minecraft:skeleton":3,"minecraft:chicken":1,"minecraft:husk":2,"minecraft:salmon":55,"minecraft:bat":1,"minecraft:creeper":1,"minecraft:squid":2,"minecraft:pillager":5,"minecraft:zombie":33,"minecraft:cow":2},"minecraft:used":{"minecraft:stone_sword":223,"minecraft:redstone":42,"minecraft:ladder":31,"minecraft:chest":7,"minecraft:iron_sword":197,"minecraft:shield":97,"minecraft:cooked_salmon":28,"minecraft:rotten_flesh":3,"minecraft:oak_door":19,"minecraft:orange_bed":1,"minecraft:torch":317,"minecraft:dirt":52,"minecraft:cobblestone_wall":19,"minecraft:oak_fence_gate":1,"minecraft:glass":47,"minecraft:iron_hoe":119,"minecraft:lava_bucket":1,"minecraft:barrel":1,"minecraft:golden_sword":8,"minecraft:magma_block":1,"minecraft:bow":1,"minecraft:furnace":13,"minecraft:egg":16,"minecraft:cooked_beef":14,"minecraft:wheat_seeds":135,"minecraft:water_bucket":38,"minecraft:diorite":39,"minecraft:cobblestone_stairs":35,"minecraft:spruce_door":11,"minecraft:lead":1,"minecraft:stone_pickaxe":1987,"minecraft:ender_pearl":1,"minecraft:wooden_pickaxe":48,"minecraft:green_bed":1,"minecraft:spruce_fence_gate":4,"minecraft:cobblestone_slab":8,"minecraft:salmon":1,"minecraft:crafting_table":18,"minecraft:red_bed":1,"minecraft:iron_pickaxe":245,"minecraft:string":2,"minecraft:oak_button":3,"minecraft:bread":28,"minecraft:cyan_bed":3,"minecraft:spruce_pressure_plate":4,"minecraft:oak_pressure_plate":2,"minecraft:gravel":13,"minecraft:stone_axe":227,"minecraft:diamond_sword":51,"minecraft:potion":1,"minecraft:cobblestone":928,"minecraft:cooked_porkchop":37,"minecraft:andesite":14,"minecraft:bucket":40},"minecraft:broken":{"minecraft:golden_helmet":1,"minecraft:golden_boots":1,"minecraft:iron_boots":1,"minecraft:iron_chestplate":2,"minecraft:iron_leggings":2,"minecraft:wooden_pickaxe":1,"minecraft:golden_leggings":1,"minecraft:stone_pickaxe":13,"minecraft:golden_sword":1,"minecraft:iron_pickaxe":1,"minecraft:iron_helmet":3,"minecraft:golden_chestplate":1},"minecraft:crafted":{"minecraft:black_dye":1,"minecraft:oak_door":21,"minecraft:oak_planks":392,"minecraft:cobblestone_slab":18,"minecraft:golden_chestplate":1,"minecraft:oak_pressure_plate":1,"minecraft:furnace":11,"minecraft:cobblestone_stairs":28,"minecraft:spruce_pressure_plate":6,"minecraft:glass":79,"minecraft:iron_boots":1,"minecraft:spruce_slab":6,"minecraft:ladder":33,"minecraft:iron_hoe":1,"minecraft:stone_pickaxe":23,"minecraft:cobblestone_wall":24,"minecraft:chest":9,"minecraft:oak_button":4,"minecraft:golden_boots":1,"minecraft:cooked_beef":5,"minecraft:cooked_porkchop":8,"minecraft:baked_potato":1,"minecraft:crafting_table":16,"minecraft:spruce_planks":120,"minecraft:iron_helmet":2,"minecraft:iron_sword":1,"minecraft:spruce_door":6,"minecraft:cooked_salmon":46,"minecraft:bucket":4,"minecraft:stone_axe":3,"minecraft:bread":16,"minecraft:blue_dye":2,"minecraft:oak_fence_gate":2,"minecraft:iron_chestplate":1,"minecraft:golden_leggings":1,"minecraft:gold_nugget":1,"minecraft:shield":2,"minecraft:stick":288,"minecraft:iron_ingot":61,"minecraft:iron_pickaxe":1,"minecraft:stone_sword":2,"minecraft:gold_ingot":12,"minecraft:iron_leggings":1,"minecraft:spruce_fence_gate":4,"minecraft:torch":332},"minecraft:killed_by":{"minecraft:endermite":1,"plehemstruhtee:thornhug":2,"minecraft:zombie_villager":2,"minecraft:player":5,"minecraft:wolf":1,"minecraft:creeper":6,"minecraft:pillager":5,"minecraft:enderman":2,"minecraft:skeleton":9,"minecraft:witch":1,"minecraft:zombie":9},"minecraft:dropped":{"minecraft:bread":8,"minecraft:iron_ingot":23,"minecraft:stripped_spruce_log":4,"minecraft:brown_mushroom":1,"minecraft:wheat_seeds":65,"minecraft:golden_helmet":1,"minecraft:oak_log":44,"minecraft:glass_bottle":2,"minecraft:crafting_table":3,"minecraft:iron_helmet":2,"minecraft:cobblestone":201,"minecraft:leather":6,"minecraft:granite":4,"minecraft:rail":2,"minecraft:coal":15,"minecraft:cobblestone_stairs":4,"minecraft:stick":57,"minecraft:dirt":2,"minecraft:ink_sac":7,"minecraft:torch":19,"minecraft:cooked_salmon":13,"minecraft:potion":1,"minecraft:iron_leggings":1,"minecraft:bone_meal":4,"minecraft:string":2,"minecraft:birch_log":3,"minecraft:lily_pad":14,"minecraft:bucket":4,"minecraft:bone":2,"minecraft:oak_door":5,"minecraft:sugar_cane":4,"minecraft:golden_chestplate":2,"minecraft:cobblestone_wall":10,"minecraft:stone_sword":3,"minecraft:wheat":11,"minecraft:rotten_flesh":76,"minecraft:iron_hoe":2,"minecraft:oak_planks":46,"minecraft:sandstone_wall":3,"minecraft:oak_fence_gate":1,"minecraft:cobblestone_slab":24,"minecraft:shield":2,"minecraft:oak_button":2,"minecraft:golden_leggings":2,"minecraft:golden_sword":1,"minecraft:barrel":1,"minecraft:iron_ore":14,"minecraft:arrow":5,"minecraft:stone_pickaxe":7,"minecraft:wooden_pickaxe":1},"minecraft:picked_up":{"minecraft:crafting_table":6,"minecraft:wheat":67,"minecraft:brown_mushroom":3,"minecraft:lead":2,"minecraft:wooden_pickaxe":1,"minecraft:diamond_sword":1,"minecraft:potion":2,"minecraft:shield":4,"minecraft:golden_sword":2,"minecraft:red_bed":1,"minecraft:string":6,"minecraft:dark_oak_trapdoor":2,"minecraft:elytra":1,"minecraft:cooked_salmon":9,"minecraft:iron_leggings":1,"minecraft:bucket":1,"minecraft:spruce_planks":61,"minecraft:beef":5,"minecraft:cobblestone_slab":14,"minecraft:iron_pickaxe":3,"minecraft:sugar_cane":4,"minecraft:chest":2,"minecraft:furnace":3,"minecraft:egg":23,"minecraft:golden_helmet":3,"minecraft:stick":97,"minecraft:oak_door":11,"minecraft:torch":81,"minecraft:green_bed":1,"minecraft:sandstone_wall":3,"minecraft:diorite":40,"minecraft:redstone":219,"minecraft:golden_chestplate":4,"minecraft:orange_bed":1,"minecraft:tnt":1,"minecraft:stone_sword":2,"minecraft:arrow":26,"minecraft:rotten_flesh":93,"minecraft:gold_ingot":31,"minecraft:saddle":2,"minecraft:snowball":12,"minecraft:rail":2,"minecraft:cobblestone":2004,"minecraft:birch_log":3,"minecraft:magma_block":4,"minecraft:salmon":55,"minecraft:andesite":39,"minecraft:leather":12,"minecraft:golden_leggings":2,"minecraft:potato":1,"minecraft:flint":5,"minecraft:oak_log":230,"minecraft:lily_pad":17,"minecraft:golden_boots":1,"minecraft:gunpowder":4,"minecraft:cobblestone_wall":11,"minecraft:cobblestone_stairs":16,"minecraft:lapis_lazuli":139,"minecraft:dirt":80,"minecraft:name_tag":1,"minecraft:glass":31,"minecraft:bone":5,"minecraft:bow":3,"minecraft:wheat_seeds":160,"minecraft:iron_ingot":56,"minecraft:stone_pickaxe":9,"minecraft:iron_ore":91,"minecraft:glass_bottle":1,"minecraft:oak_planks":185,"minecraft:iron_sword":1,"minecraft:cooked_porkchop":9,"minecraft:oak_pressure_plate":2,"minecraft:gravel":22,"minecraft:sand":181,"minecraft:stripped_spruce_log":6,"minecraft:ink_sac":23,"minecraft:spruce_log":35,"minecraft:cyan_bed":4,"minecraft:gold_ore":6,"minecraft:spruce_door":5,"minecraft:barrel":3,"minecraft:iron_hoe":3,"minecraft:firework_rocket":64,"minecraft:stone_axe":3,"minecraft:iron_helmet":4,"minecraft:granite":6,"minecraft:bone_meal":4,"minecraft:bread":39,"minecraft:oak_button":3,"minecraft:oak_sapling":1,"minecraft:coal":517,"minecraft:ender_pearl":2}},"DataVersion":2586}