{"stats":{"minecraft:used":{"minecraft:ladder":31,"minecraft:chest":8,"minecraft:shield":139,"minecraft:iron_sword":253,"minecraft:rotten_flesh":3,"minecraft:glass":52,"minecraft:lava_bucket":1,"minecraft:golden_sword":8,"minecraft:magma_block":1,"minecraft:bow":1,"minecraft:furnace":14,"minecraft:egg":17,"minecraft:potato":2,"minecraft:diorite":72,"minecraft:spruce_door":11,"minecraft:stone_pickaxe":2246,"minecraft:ender_pearl":1,"minecraft:wooden_pickaxe":48,"minecraft:sand":24,"minecraft:cyan_bed":4,"minecraft:bread":49,"minecraft:string":2,"minecraft:oak_pressure_plate":2,"minecraft:gravel":13,"minecraft:soul_lantern":1,"minecraft:diamond_sword":177,"minecraft:andesite":23,"minecraft:golden_pickaxe":11,"minecraft:stone_sword":223,"minecraft:redstone":42,"minecraft:cooked_salmon":37,"minecraft:oak_door":22,"minecraft:orange_bed":1,"minecraft:torch":372,"minecraft:dirt":52,"minecraft:cobblestone_wall":19,"minecraft:granite":26,"minecraft:oak_fence_gate":1,"minecraft:iron_hoe":119,"minecraft:barrel":1,"minecraft:cooked_beef":14,"minecraft:wheat_seeds":135,"minecraft:cooked_mutton":6,"minecraft:water_bucket":85,"minecraft:cobblestone_stairs":35,"minecraft:lead":1,"minecraft:cobblestone_slab":8,"minecraft:green_bed":3,"minecraft:spruce_fence_gate":4,"minecraft:salmon":1,"minecraft:tnt":1,"minecraft:crafting_table":24,"minecraft:red_bed":1,"minecraft:oak_button":3,"minecraft:iron_pickaxe":582,"minecraft:spruce_pressure_plate":4,"minecraft:stone_axe":227,"minecraft:cobblestone":930,"minecraft:potion":1,"minecraft:cooked_porkchop":41,"minecraft:bucket":87},"minecraft:killed":{"minecraft:zombified_piglin":1,"minecraft:witch":1,"minecraft:spider":7,"minecraft:skeleton":10,"minecraft:chicken":1,"minecraft:salmon":61,"minecraft:creeper":1,"minecraft:pillager":5,"minecraft:zombie":41,"minecraft:cow":2,"him:leafbreaker":1,"minecraft:husk":2,"minecraft:bat":1,"minecraft:squid":2},"minecraft:broken":{"minecraft:golden_helmet":1,"minecraft:golden_boots":1,"minecraft:iron_boots":2,"minecraft:iron_chestplate":2,"minecraft:iron_leggings":3,"minecraft:golden_leggings":1,"minecraft:stone_pickaxe":13,"minecraft:golden_sword":1,"minecraft:golden_chestplate":1,"minecraft:wooden_pickaxe":1,"minecraft:iron_pickaxe":2,"minecraft:iron_helmet":3},"minecraft:dropped":{"minecraft:iron_sword":5,"minecraft:brown_mushroom":1,"minecraft:porkchop":4,"minecraft:cooked_beef":37,"minecraft:oak_log":44,"minecraft:baked_potato":1,"minecraft:glass_bottle":2,"minecraft:crafting_table":4,"minecraft:leather":6,"minecraft:saddle":3,"minecraft:rail":2,"minecraft:cobblestone_stairs":4,"minecraft:dirt":2,"minecraft:bone_meal":4,"minecraft:iron_pickaxe":2,"minecraft:birch_log":3,"minecraft:bone":11,"minecraft:oak_door":5,"minecraft:gravel":1,"minecraft:stone_axe":2,"minecraft:compass":1,"minecraft:sugar_cane":4,"minecraft:golden_chestplate":2,"minecraft:wheat":43,"minecraft:rotten_flesh":88,"minecraft:oak_planks":69,"minecraft:sandstone_wall":3,"minecraft:oak_fence_gate":1,"minecraft:leather_chestplate":2,"minecraft:leather_leggings":2,"minecraft:iron_ore":14,"minecraft:arrow":7,"minecraft:iron_ingot":23,"minecraft:bread":29,"minecraft:stripped_spruce_log":4,"minecraft:wheat_seeds":66,"minecraft:golden_helmet":1,"minecraft:oak_fence":1,"minecraft:iron_helmet":3,"minecraft:cobblestone":261,"minecraft:apple":62,"minecraft:granite":74,"minecraft:coal":15,"minecraft:stick":81,"minecraft:ink_sac":7,"minecraft:torch":64,"minecraft:melon_slice":24,"minecraft:cooked_salmon":13,"minecraft:potion":1,"minecraft:iron_leggings":3,"minecraft:white_banner":1,"minecraft:string":2,"minecraft:lily_pad":14,"minecraft:bucket":4,"minecraft:furnace":1,"minecraft:stone_sword":3,"minecraft:cobblestone_wall":10,"minecraft:iron_hoe":6,"minecraft:filled_map":1,"minecraft:diamond_sword":2,"minecraft:cobblestone_slab":24,"minecraft:shield":3,"minecraft:oak_button":2,"minecraft:spruce_planks":15,"minecraft:andesite":1,"minecraft:golden_leggings":2,"minecraft:golden_sword":1,"minecraft:barrel":1,"minecraft:stone_pickaxe":13,"minecraft:wooden_pickaxe":1},"minecraft:crafted":{"minecraft:black_dye":1,"minecraft:oak_planks":392,"minecraft:cobblestone_slab":18,"minecraft:oak_pressure_plate":1,"minecraft:cobblestone_stairs":28,"minecraft:spruce_pressure_plate":6,"minecraft:glass":79,"minecraft:diamond_leggings":1,"minecraft:iron_boots":2,"minecraft:chest":9,"minecraft:oak_button":4,"minecraft:golden_boots":1,"minecraft:cooked_porkchop":12,"minecraft:crafting_table":21,"minecraft:spruce_planks":120,"minecraft:baked_potato":1,"minecraft:iron_helmet":4,"minecraft:spruce_door":6,"minecraft:iron_chestplate":2,"minecraft:golden_leggings":1,"minecraft:shield":4,"minecraft:stick":288,"minecraft:iron_pickaxe":3,"minecraft:iron_ingot":103,"minecraft:stone_sword":2,"minecraft:gold_ingot":16,"minecraft:spruce_fence_gate":4,"minecraft:oak_door":24,"minecraft:golden_chestplate":1,"minecraft:furnace":13,"minecraft:ladder":33,"minecraft:iron_hoe":1,"minecraft:spruce_slab":6,"minecraft:stone_pickaxe":26,"minecraft:cobblestone_wall":24,"minecraft:cooked_beef":5,"minecraft:iron_sword":1,"minecraft:cooked_salmon":55,"minecraft:bucket":4,"minecraft:stone_axe":3,"minecraft:bread":20,"minecraft:blue_dye":2,"minecraft:oak_fence_gate":2,"minecraft:gold_nugget":1,"minecraft:iron_leggings":2,"minecraft:torch":420},"minecraft:custom":{"minecraft:animals_bred":8,"minecraft:interact_with_crafting_table":200,"minecraft:open_barrel":12,"minecraft:leave_game":19,"minecraft:time_since_death":40976,"minecraft:sprint_one_cm":254700,"minecraft:drop":320,"minecraft:play_noteblock":1,"minecraft:talked_to_villager":4,"minecraft:deaths":65,"minecraft:jump":9968,"minecraft:interact_with_brewingstand":1,"minecraft:walk_on_water_one_cm":319390,"minecraft:interact_with_furnace":101,"minecraft:interact_with_cartography_table":4,"minecraft:play_one_minute":1109204,"minecraft:sleep_in_bed":36,"minecraft:damage_dealt":18094,"minecraft:player_kills":5,"minecraft:crouch_one_cm":1353,"minecraft:interact_with_smoker":7,"minecraft:horse_one_cm":286500,"minecraft:mob_kills":134,"minecraft:interact_with_anvil":8,"minecraft:inspect_hopper":3,"minecraft:climb_one_cm":46182,"minecraft:walk_one_cm":4452812,"minecraft:sneak_time":689,"minecraft:walk_under_water_one_cm":252773,"minecraft:boat_one_cm":54250,"minecraft:interact_with_blast_furnace":2,"minecraft:tune_noteblock":8,"minecraft:interact_with_grindstone":3,"minecraft:time_since_rest":41007,"minecraft:damage_taken":29912,"minecraft:minecart_one_cm":11949,"minecraft:swim_one_cm":30838,"minecraft:fly_one_cm":131484,"minecraft:open_chest":169,"minecraft:aviate_one_cm":365050,"minecraft:fall_one_cm":148931},"minecraft:mined":{"minecraft:spruce_planks":1,"minecraft:cobblestone_stairs":8,"minecraft:granite":24,"minecraft:acacia_log":1,"minecraft:grass_block":26,"minecraft:oak_pressure_plate":2,"minecraft:tall_seagrass":11,"minecraft:magma_block":4,"minecraft:iron_ore":143,"minecraft:barrel":2,"minecraft:tripwire":1,"minecraft:green_bed":4,"minecraft:orange_bed":2,"minecraft:red_bed":2,"minecraft:soul_lantern":1,"minecraft:torch":13,"minecraft:poppy":1,"minecraft:chest":1,"minecraft:dead_bush":1,"minecraft:nether_quartz_ore":4,"minecraft:glass":7,"minecraft:cobblestone":71,"minecraft:cyan_bed":3,"minecraft:wall_torch":20,"minecraft:seagrass":7,"minecraft:birch_log":1,"minecraft:wheat":43,"minecraft:tnt":1,"minecraft:grass":19,"minecraft:oak_log":104,"minecraft:sand":133,"minecraft:dirt":38,"minecraft:oak_leaves":5,"minecraft:diamond_ore":13,"minecraft:jungle_planks":1,"minecraft:redstone_wire":20,"minecraft:spruce_leaves":9,"minecraft:redstone_ore":28,"minecraft:furnace":1,"minecraft:andesite":86,"minecraft:stripped_spruce_log":2,"minecraft:cobblestone_slab":2,"minecraft:stone":1722,"minecraft:spruce_door":4,"minecraft:crafting_table":5,"minecraft:rose_bush":1,"minecraft:tall_grass":1,"minecraft:lapis_ore":21,"minecraft:diorite":81,"minecraft:light_blue_bed":1,"minecraft:cobblestone_wall":4,"minecraft:ice":9,"minecraft:spruce_log":36,"minecraft:birch_leaves":7,"minecraft:coal_ore":245,"minecraft:gravel":29,"minecraft:oak_button":1,"minecraft:gold_ore":9,"minecraft:infested_stone":2},"minecraft:picked_up":{"minecraft:wheat":147,"minecraft:lead":2,"minecraft:diamond_sword":4,"minecraft:potion":2,"minecraft:golden_sword":2,"minecraft:string":6,"minecraft:dark_oak_trapdoor":2,"minecraft:cooked_salmon":15,"minecraft:iron_leggings":3,"minecraft:bucket":1,"minecraft:spruce_planks":92,"minecraft:cobblestone_slab":14,"minecraft:iron_pickaxe":5,"minecraft:melon_slice":24,"minecraft:furnace":3,"minecraft:golden_helmet":3,"minecraft:stick":162,"minecraft:oak_fence":1,"minecraft:torch":118,"minecraft:green_bed":3,"minecraft:porkchop":4,"minecraft:sandstone_wall":3,"minecraft:diorite":73,"minecraft:golden_chestplate":4,"minecraft:orange_bed":3,"minecraft:stone_sword":2,"minecraft:rotten_flesh":114,"minecraft:snowball":12,"minecraft:cobblestone":2328,"minecraft:birch_log":3,"minecraft:magma_block":4,"minecraft:leather_chestplate":3,"minecraft:cooked_beef":74,"minecraft:water_bucket":1,"minecraft:andesite":106,"minecraft:golden_leggings":2,"minecraft:potato":2,"minecraft:flint":5,"minecraft:dirt":120,"minecraft:lapis_lazuli":139,"minecraft:name_tag":1,"minecraft:glass":31,"minecraft:bone":14,"minecraft:bow":3,"minecraft:wheat_seeds":308,"minecraft:oak_planks":246,"minecraft:cooked_porkchop":9,"minecraft:jungle_planks":1,"minecraft:oak_pressure_plate":2,"minecraft:sand":293,"minecraft:stripped_spruce_log":6,"minecraft:ink_sac":24,"minecraft:cyan_bed":4,"minecraft:barrel":3,"minecraft:iron_hoe":6,"minecraft:diamond":9,"minecraft:soul_lantern":3,"minecraft:granite":102,"minecraft:bone_meal":4,"minecraft:emerald":6,"minecraft:bread":39,"minecraft:oak_sapling":2,"minecraft:crafting_table":9,"minecraft:golden_pickaxe":1,"minecraft:leather_leggings":2,"minecraft:brown_mushroom":3,"minecraft:wooden_pickaxe":1,"minecraft:cooked_rabbit":2,"minecraft:shield":4,"minecraft:red_bed":1,"minecraft:elytra":2,"minecraft:iron_axe":1,"minecraft:compass":1,"minecraft:beef":5,"minecraft:sugar_cane":4,"minecraft:chest":4,"minecraft:egg":24,"minecraft:oak_door":11,"minecraft:redstone":249,"minecraft:tnt":1,"minecraft:arrow":31,"minecraft:saddle":5,"minecraft:gold_ingot":31,"minecraft:rail":2,"minecraft:salmon":64,"minecraft:leather":12,"minecraft:filled_map":1,"minecraft:birch_planks":14,"minecraft:oak_log":232,"minecraft:lily_pad":17,"minecraft:golden_boots":1,"minecraft:cobblestone_wall":11,"minecraft:gunpowder":4,"minecraft:cobblestone_stairs":16,"minecraft:white_banner":1,"minecraft:cooked_mutton":22,"minecraft:apple":62,"minecraft:iron_ingot":76,"minecraft:stone_pickaxe":14,"minecraft:iron_ore":168,"minecraft:glass_bottle":1,"minecraft:iron_sword":7,"minecraft:gravel":23,"minecraft:spruce_log":35,"minecraft:gold_ore":12,"minecraft:spruce_door":5,"minecraft:spider_eye":1,"minecraft:firework_rocket":64,"minecraft:stone_axe":6,"minecraft:iron_helmet":5,"minecraft:oak_button":3,"minecraft:coal":642,"minecraft:ender_pearl":2},"minecraft:killed_by":{"minecraft:zombie_villager":2,"minecraft:zombified_piglin":1,"minecraft:creeper":9,"minecraft:pillager":5,"minecraft:ravager":1,"minecraft:vindicator":2,"minecraft:witch":1,"minecraft:zombie":12,"minecraft:endermite":1,"plehemstruhtee:thornhug":2,"minecraft:player":8,"minecraft:wolf":1,"minecraft:enderman":2,"minecraft:iron_golem":1,"minecraft:skeleton":10}},"DataVersion":2586}