{"stats":{"minecraft:used":{"minecraft:redstone":42,"minecraft:ladder":31,"minecraft:chest":7,"minecraft:iron_sword":44,"minecraft:shield":50,"minecraft:cooked_salmon":7,"minecraft:rotten_flesh":3,"minecraft:oak_door":8,"minecraft:torch":210,"minecraft:dirt":12,"minecraft:cobblestone_wall":1,"minecraft:iron_hoe":55,"minecraft:glass":4,"minecraft:golden_sword":8,"minecraft:magma_block":1,"minecraft:bow":1,"minecraft:furnace":9,"minecraft:egg":5,"minecraft:diorite":39,"minecraft:cobblestone_stairs":2,"minecraft:spruce_door":6,"minecraft:stone_pickaxe":1578,"minecraft:ender_pearl":1,"minecraft:wooden_pickaxe":48,"minecraft:crafting_table":13,"minecraft:red_bed":1,"minecraft:string":2,"minecraft:bread":9,"minecraft:iron_pickaxe":245,"minecraft:oak_button":3,"minecraft:spruce_pressure_plate":4,"minecraft:oak_pressure_plate":2,"minecraft:gravel":13,"minecraft:stone_axe":193,"minecraft:cobblestone":292,"minecraft:cooked_porkchop":16,"minecraft:andesite":14},"minecraft:killed":{"minecraft:spider":1,"minecraft:skeleton":3,"minecraft:salmon":22,"minecraft:bat":1,"minecraft:squid":2,"minecraft:zombie":4},"minecraft:broken":{"minecraft:golden_helmet":1,"minecraft:iron_chestplate":1,"minecraft:iron_leggings":1,"minecraft:wooden_pickaxe":1,"minecraft:stone_pickaxe":10,"minecraft:golden_sword":1,"minecraft:iron_pickaxe":1,"minecraft:iron_helmet":1,"minecraft:golden_chestplate":1},"minecraft:dropped":{"minecraft:iron_ingot":10,"minecraft:stripped_spruce_log":4,"minecraft:brown_mushroom":1,"minecraft:oak_log":44,"minecraft:crafting_table":3,"minecraft:cobblestone":103,"minecraft:granite":4,"minecraft:coal":4,"minecraft:cobblestone_stairs":4,"minecraft:dirt":1,"minecraft:ink_sac":2,"minecraft:torch":18,"minecraft:cooked_salmon":5,"minecraft:lily_pad":14,"minecraft:birch_log":3,"minecraft:bucket":1,"minecraft:oak_door":5,"minecraft:sugar_cane":4,"minecraft:cobblestone_wall":6,"minecraft:wheat":5,"minecraft:rotten_flesh":44,"minecraft:oak_planks":14,"minecraft:oak_button":2,"minecraft:golden_sword":1,"minecraft:iron_ore":14,"minecraft:wooden_pickaxe":1,"minecraft:stone_pickaxe":2},"minecraft:crafted":{"minecraft:black_dye":1,"minecraft:oak_door":12,"minecraft:oak_planks":304,"minecraft:oak_pressure_plate":1,"minecraft:furnace":8,"minecraft:cobblestone_stairs":4,"minecraft:spruce_pressure_plate":6,"minecraft:glass":19,"minecraft:iron_boots":1,"minecraft:iron_hoe":1,"minecraft:ladder":33,"minecraft:spruce_slab":6,"minecraft:stone_pickaxe":18,"minecraft:cobblestone_wall":6,"minecraft:chest":7,"minecraft:oak_button":4,"minecraft:cooked_porkchop":8,"minecraft:crafting_table":10,"minecraft:spruce_planks":92,"minecraft:iron_helmet":1,"minecraft:iron_sword":1,"minecraft:spruce_door":3,"minecraft:cooked_salmon":20,"minecraft:bucket":1,"minecraft:stone_axe":3,"minecraft:bread":1,"minecraft:blue_dye":2,"minecraft:iron_chestplate":1,"minecraft:gold_nugget":1,"minecraft:shield":1,"minecraft:stick":200,"minecraft:iron_ingot":61,"minecraft:iron_pickaxe":1,"minecraft:iron_leggings":1,"minecraft:gold_ingot":12,"minecraft:torch":252},"minecraft:custom":{"minecraft:interact_with_anvil":7,"minecraft:mob_kills":34,"minecraft:interact_with_crafting_table":102,"minecraft:leave_game":7,"minecraft:time_since_death":54264,"minecraft:climb_one_cm":24737,"minecraft:sprint_one_cm":7193,"minecraft:walk_one_cm":1887622,"minecraft:drop":64,"minecraft:deaths":30,"minecraft:sneak_time":251,"minecraft:walk_under_water_one_cm":118613,"minecraft:boat_one_cm":54250,"minecraft:jump":4543,"minecraft:interact_with_blast_furnace":2,"minecraft:walk_on_water_one_cm":124220,"minecraft:interact_with_furnace":59,"minecraft:interact_with_cartography_table":4,"minecraft:play_one_minute":548689,"minecraft:interact_with_grindstone":1,"minecraft:sleep_in_bed":20,"minecraft:time_since_rest":8671,"minecraft:damage_taken":10959,"minecraft:damage_dealt":3474,"minecraft:swim_one_cm":11545,"minecraft:fly_one_cm":23120,"minecraft:open_chest":82,"minecraft:crouch_one_cm":375,"minecraft:fall_one_cm":60725,"minecraft:horse_one_cm":281534},"minecraft:mined":{"minecraft:acacia_log":1,"minecraft:grass_block":9,"minecraft:redstone_wire":20,"minecraft:oak_pressure_plate":2,"minecraft:spruce_leaves":9,"minecraft:tall_seagrass":8,"minecraft:magma_block":4,"minecraft:redstone_ore":26,"minecraft:furnace":1,"minecraft:iron_ore":49,"minecraft:andesite":26,"minecraft:stripped_spruce_log":2,"minecraft:stone":1207,"minecraft:tripwire":1,"minecraft:red_bed":2,"minecraft:spruce_door":3,"minecraft:crafting_table":3,"minecraft:torch":8,"minecraft:cobblestone":22,"minecraft:lapis_ore":19,"minecraft:diorite":42,"minecraft:wall_torch":10,"minecraft:seagrass":2,"minecraft:light_blue_bed":1,"minecraft:cobblestone_wall":1,"minecraft:birch_log":1,"minecraft:wheat":3,"minecraft:spruce_log":28,"minecraft:grass":3,"minecraft:oak_log":82,"minecraft:coal_ore":221,"minecraft:gravel":20,"minecraft:sand":71,"minecraft:dirt":14,"minecraft:oak_button":1,"minecraft:gold_ore":3,"minecraft:oak_leaves":4,"minecraft:infested_stone":2},"minecraft:picked_up":{"minecraft:crafting_table":6,"minecraft:wheat":15,"minecraft:brown_mushroom":3,"minecraft:diamond_sword":1,"minecraft:wooden_pickaxe":1,"minecraft:shield":2,"minecraft:golden_sword":2,"minecraft:string":4,"minecraft:red_bed":1,"minecraft:cooked_salmon":8,"minecraft:spruce_planks":61,"minecraft:iron_pickaxe":3,"minecraft:sugar_cane":4,"minecraft:furnace":2,"minecraft:egg":6,"minecraft:golden_helmet":1,"minecraft:stick":91,"minecraft:oak_door":8,"minecraft:torch":65,"minecraft:diorite":40,"minecraft:redstone":219,"minecraft:golden_chestplate":1,"minecraft:arrow":20,"minecraft:rotten_flesh":61,"minecraft:saddle":2,"minecraft:gold_ingot":31,"minecraft:snowball":12,"minecraft:cobblestone":1760,"minecraft:birch_log":3,"minecraft:magma_block":4,"minecraft:andesite":37,"minecraft:salmon":20,"minecraft:leather":6,"minecraft:flint":5,"minecraft:oak_log":208,"minecraft:lily_pad":17,"minecraft:cobblestone_wall":1,"minecraft:golden_boots":1,"minecraft:gunpowder":4,"minecraft:cobblestone_stairs":4,"minecraft:lapis_lazuli":139,"minecraft:dirt":49,"minecraft:name_tag":1,"minecraft:glass":31,"minecraft:bone":3,"minecraft:bow":3,"minecraft:wheat_seeds":1,"minecraft:iron_ingot":44,"minecraft:stone_pickaxe":6,"minecraft:iron_ore":68,"minecraft:oak_planks":171,"minecraft:cooked_porkchop":9,"minecraft:oak_pressure_plate":2,"minecraft:gravel":19,"minecraft:sand":121,"minecraft:stripped_spruce_log":6,"minecraft:ink_sac":13,"minecraft:spruce_log":28,"minecraft:gold_ore":6,"minecraft:spruce_door":3,"minecraft:iron_hoe":1,"minecraft:stone_axe":3,"minecraft:iron_helmet":1,"minecraft:granite":6,"minecraft:bread":32,"minecraft:oak_button":3,"minecraft:coal":509,"minecraft:ender_pearl":2},"minecraft:killed_by":{"minecraft:endermite":1,"minecraft:player":5,"minecraft:wolf":1,"minecraft:creeper":4,"minecraft:enderman":2,"minecraft:skeleton":6,"minecraft:zombie":7}},"DataVersion":2586}