{"stats":{"minecraft:custom":{"minecraft:interact_with_furnace":12,"minecraft:interact_with_anvil":2,"minecraft:mob_kills":41,"minecraft:animals_bred":3,"minecraft:interact_with_crafting_table":24,"minecraft:play_one_minute":124016,"minecraft:leave_game":2,"minecraft:time_since_death":11251,"minecraft:sleep_in_bed":7,"minecraft:climb_one_cm":12425,"minecraft:time_since_rest":11283,"minecraft:sprint_one_cm":295923,"minecraft:damage_taken":5219,"minecraft:walk_one_cm":298107,"minecraft:drop":4,"minecraft:damage_dealt":4566,"minecraft:fly_one_cm":329165,"minecraft:swim_one_cm":47821,"minecraft:open_chest":96,"minecraft:crouch_one_cm":1,"minecraft:deaths":11,"minecraft:sneak_time":78,"minecraft:walk_under_water_one_cm":15569,"minecraft:boat_one_cm":66239,"minecraft:jump":2095,"minecraft:interact_with_brewingstand":2,"minecraft:walk_on_water_one_cm":30050,"minecraft:interact_with_smoker":5,"minecraft:fish_caught":4,"minecraft:fall_one_cm":71802},"minecraft:mined":{"minecraft:smoker":1,"minecraft:crafting_table":1,"minecraft:torch":3,"minecraft:acacia_log":1,"minecraft:grass_block":8,"minecraft:wall_torch":4,"minecraft:seagrass":1,"minecraft:furnace":1,"minecraft:wheat":42,"minecraft:ice":1,"minecraft:birch_leaves":1,"minecraft:gold_block":2,"minecraft:grass":6,"minecraft:coal_ore":100,"minecraft:oak_log":31,"minecraft:dirt":38,"minecraft:stone":50,"minecraft:netherrack":1,"minecraft:oak_leaves":5,"minecraft:orange_bed":1},"minecraft:used":{"minecraft:wheat_seeds":86,"minecraft:cooked_mutton":4,"minecraft:water_bucket":25,"minecraft:stone_sword":125,"minecraft:flint_and_steel":12,"minecraft:stone_pickaxe":154,"minecraft:chest":4,"minecraft:shield":68,"minecraft:cooked_salmon":15,"minecraft:rotten_flesh":6,"minecraft:oak_door":1,"minecraft:torch":55,"minecraft:dirt":57,"minecraft:crafting_table":3,"minecraft:snowball":34,"minecraft:smoker":2,"minecraft:wooden_hoe":43,"minecraft:bread":15,"minecraft:iron_pickaxe":3,"minecraft:stone_axe":47,"minecraft:fishing_rod":11,"minecraft:cobblestone":3,"minecraft:bow":2,"minecraft:oak_sapling":4,"minecraft:furnace":2,"minecraft:cooked_porkchop":4,"minecraft:bucket":25,"minecraft:egg":5,"minecraft:oak_boat":1},"minecraft:broken":{"minecraft:stone_pickaxe":1,"minecraft:shield":1,"minecraft:golden_chestplate":1},"minecraft:dropped":{"minecraft:wheat_seeds":1,"minecraft:torch":2,"minecraft:spider_eye":1},"minecraft:killed":{"minecraft:pig":2,"minecraft:salmon":14,"minecraft:skeleton":3,"minecraft:pillager":4,"minecraft:zombie":12,"minecraft:enderman":1},"minecraft:crafted":{"minecraft:oak_door":3,"minecraft:oak_planks":106,"minecraft:fishing_rod":1,"minecraft:cooked_porkchop":3,"minecraft:golden_chestplate":1,"minecraft:crafting_table":2,"minecraft:furnace":2,"minecraft:cooked_salmon":10,"minecraft:stone_axe":3,"minecraft:bread":12,"minecraft:air":0,"minecraft:flint_and_steel":1,"minecraft:oak_boat":1,"minecraft:bow":1,"minecraft:wooden_hoe":1,"minecraft:shield":1,"minecraft:stick":48,"minecraft:iron_pickaxe":1,"minecraft:stone_pickaxe":3,"minecraft:stone_sword":2,"minecraft:chest":4,"minecraft:gold_ingot":18,"minecraft:torch":96,"minecraft:golden_helmet":1,"minecraft:golden_boots":1,"minecraft:smoker":1},"minecraft:killed_by":{"minecraft:player":1,"minecraft:skeleton":3,"minecraft:creeper":1,"minecraft:zombie":5,"minecraft:pillager":1},"minecraft:picked_up":{"minecraft:nautilus_shell":1,"minecraft:fishing_rod":1,"minecraft:crafting_table":1,"minecraft:wheat":34,"minecraft:water_bucket":1,"minecraft:salmon":12,"minecraft:leather":1,"minecraft:smoker":1,"minecraft:gold_block":2,"minecraft:oak_log":31,"minecraft:dirt":74,"minecraft:cooked_salmon":5,"minecraft:pufferfish":1,"minecraft:bone":4,"minecraft:bow":1,"minecraft:wheat_seeds":99,"minecraft:iron_ingot":1,"minecraft:stone_pickaxe":3,"minecraft:egg":5,"minecraft:furnace":1,"minecraft:stick":59,"minecraft:oak_door":1,"minecraft:torch":10,"minecraft:porkchop":3,"minecraft:ink_sac":7,"minecraft:golden_chestplate":1,"minecraft:spider_eye":2,"minecraft:orange_bed":1,"minecraft:arrow":5,"minecraft:rotten_flesh":19,"minecraft:bread":3,"minecraft:oak_sapling":9,"minecraft:cod":2,"minecraft:coal":100,"minecraft:snowball":48,"minecraft:cobblestone":69,"minecraft:ender_pearl":1}},"DataVersion":2586}