{"stats":{"minecraft:broken":{"minecraft:stone_pickaxe":2},"minecraft:dropped":{"minecraft:stone_sword":1,"minecraft:wheat":27,"minecraft:saddle":3,"minecraft:bucket":2},"minecraft:killed":{"minecraft:zombie":2,"minecraft:spider":1},"minecraft:mined":{"minecraft:iron_ore":2,"minecraft:wheat":33,"minecraft:grass":2,"minecraft:coal_ore":30,"minecraft:cobblestone":1,"minecraft:stone":40,"minecraft:diorite":3,"minecraft:wall_torch":2},"minecraft:picked_up":{"minecraft:stick":10,"minecraft:wheat":30,"minecraft:torch":1,"minecraft:diorite":3,"minecraft:spider_eye":1,"minecraft:cooked_salmon":2,"minecraft:stone_sword":1,"minecraft:wheat_seeds":267,"minecraft:bucket":1,"minecraft:iron_ingot":12,"minecraft:iron_ore":2,"minecraft:saddle":4,"minecraft:bread":14,"minecraft:oak_sapling":1,"minecraft:oak_planks":18,"minecraft:coal":30,"minecraft:cobblestone":57},"minecraft:crafted":{"minecraft:stick":12,"minecraft:iron_pickaxe":1,"minecraft:stone_pickaxe":1,"minecraft:stone_sword":1,"minecraft:iron_sword":1,"minecraft:bucket":2},"minecraft:custom":{"minecraft:time_since_rest":26393,"minecraft:sprint_one_cm":98966,"minecraft:damage_taken":498,"minecraft:walk_one_cm":77973,"minecraft:mob_kills":4,"minecraft:drop":33,"minecraft:damage_dealt":1046,"minecraft:interact_with_crafting_table":9,"minecraft:fly_one_cm":72672,"minecraft:open_chest":21,"minecraft:crouch_one_cm":526,"minecraft:play_one_minute":26393,"minecraft:sneak_time":103,"minecraft:jump":526,"minecraft:leave_game":1,"minecraft:walk_on_water_one_cm":3596,"minecraft:time_since_death":26393,"minecraft:fall_one_cm":17371},"minecraft:used":{"minecraft:wheat_seeds":102,"minecraft:water_bucket":2,"minecraft:stone_sword":93,"minecraft:bread":9,"minecraft:stone_pickaxe":77,"minecraft:cooked_salmon":2,"minecraft:cobblestone":1,"minecraft:oak_sapling":1,"minecraft:bucket":3,"minecraft:spider_eye":1}},"DataVersion":2586}