{"stats":{"minecraft:used":{"minecraft:oak_fence":101,"minecraft:stone_sword":167,"minecraft:stone_shovel":201,"minecraft:redstone":1,"minecraft:ladder":14,"minecraft:poppy":1,"minecraft:chest":2,"minecraft:shield":117,"minecraft:iron_sword":696,"minecraft:cooked_chicken":6,"minecraft:cooked_salmon":2,"minecraft:rotten_flesh":1,"minecraft:stone_hoe":35,"minecraft:oak_door":1,"minecraft:dirt":134,"minecraft:anvil":2,"minecraft:snowball":34,"minecraft:oak_fence_gate":3,"minecraft:wooden_axe":6,"minecraft:totem_of_undying":1,"minecraft:furnace":3,"minecraft:oak_sapling":2,"minecraft:minecart":1,"minecraft:egg":10,"minecraft:cooked_beef":22,"minecraft:cooked_mutton":19,"minecraft:wheat_seeds":390,"minecraft:water_bucket":23,"minecraft:diorite":8,"minecraft:stone_pickaxe":224,"minecraft:oak_planks":62,"minecraft:wooden_pickaxe":22,"minecraft:green_bed":3,"minecraft:salmon":1,"minecraft:golden_apple":1,"minecraft:sand":1,"minecraft:lime_bed":1,"minecraft:crafting_table":4,"minecraft:spider_eye":1,"minecraft:smoker":9,"minecraft:oak_log":1,"minecraft:apple":17,"minecraft:melon_slice":1,"minecraft:bread":59,"minecraft:cyan_bed":1,"minecraft:iron_pickaxe":520,"minecraft:gravel":17,"minecraft:stone_axe":230,"minecraft:diamond_sword":100,"minecraft:wooden_sword":44,"minecraft:cobblestone":105,"minecraft:white_banner":2,"minecraft:cooked_porkchop":11,"minecraft:bucket":23},"minecraft:broken":{"minecraft:stone_sword":1,"minecraft:iron_boots":2,"minecraft:iron_chestplate":2,"minecraft:iron_leggings":1,"minecraft:stone_pickaxe":4,"minecraft:shield":1,"minecraft:stone_axe":1,"minecraft:iron_sword":1,"minecraft:iron_pickaxe":1,"minecraft:iron_helmet":1},"minecraft:killed":{"minecraft:vex":1,"minecraft:witch":1,"minecraft:vindicator":2,"minecraft:spider":5,"minecraft:skeleton":9,"minecraft:chicken":20,"minecraft:drowned":1,"minecraft:pig":21,"minecraft:salmon":20,"minecraft:rabbit":3,"minecraft:creeper":3,"minecraft:sheep":29,"minecraft:pillager":3,"minecraft:zombie":23,"plehemstruhtee:thornhug":1,"minecraft:cow":16},"minecraft:dropped":{"minecraft:water_bucket":2,"minecraft:bread":5,"minecraft:iron_sword":3,"minecraft:oak_slab":4,"minecraft:porkchop":4,"minecraft:wheat_seeds":419,"minecraft:cooked_beef":37,"minecraft:oak_log":5,"minecraft:golden_pickaxe":1,"minecraft:crafting_table":1,"minecraft:crossbow":1,"minecraft:cobblestone":106,"minecraft:feather":5,"minecraft:leather":1,"plehemstruhtee:sandsient_stone":12,"minecraft:granite":1,"minecraft:saddle":3,"minecraft:acacia_log":2,"minecraft:elytra":1,"minecraft:coal":136,"minecraft:emerald":6,"minecraft:stick":66,"minecraft:dirt":106,"minecraft:diorite":3,"minecraft:ink_sac":6,"minecraft:torch":25,"minecraft:mutton":1,"minecraft:wooden_axe":3,"minecraft:brown_wool":1,"minecraft:cooked_salmon":14,"minecraft:iron_leggings":2,"minecraft:wooden_sword":2,"minecraft:sand":61,"minecraft:iron_pickaxe":3,"minecraft:orange_bed":1,"minecraft:white_wool":4,"minecraft:string":7,"minecraft:smooth_sandstone":2,"minecraft:bucket":3,"minecraft:redstone":1,"minecraft:bone":4,"minecraft:furnace":1,"minecraft:stone_axe":3,"minecraft:golden_chestplate":1,"minecraft:coarse_dirt":1,"minecraft:stone_sword":2,"minecraft:iron_boots":1,"minecraft:soul_lantern":1,"minecraft:wheat":98,"minecraft:rotten_flesh":51,"minecraft:iron_hoe":1,"minecraft:oak_planks":462,"minecraft:cooked_mutton":22,"minecraft:salmon":3,"minecraft:diamond_sword":2,"minecraft:sandstone_wall":2,"minecraft:leather_chestplate":2,"minecraft:shield":2,"minecraft:gunpowder":5,"minecraft:spruce_planks":15,"minecraft:andesite":10,"minecraft:golden_leggings":1,"minecraft:chest":2,"minecraft:spider_eye":1,"minecraft:iron_ore":5,"minecraft:arrow":4,"minecraft:bow":1,"minecraft:wooden_pickaxe":1,"minecraft:stone_pickaxe":5,"minecraft:iron_ingot":20},"minecraft:crafted":{"minecraft:wooden_sword":2,"minecraft:oak_planks":686,"minecraft:stone_shovel":1,"minecraft:cooked_chicken":17,"minecraft:furnace":3,"minecraft:stone":40,"minecraft:cooked_mutton":26,"minecraft:ladder":15,"minecraft:stone_pickaxe":2,"minecraft:chest":2,"minecraft:stone_hoe":1,"minecraft:oak_fence":119,"minecraft:cooked_rabbit":2,"minecraft:smoker":9,"minecraft:crafting_table":2,"minecraft:wooden_pickaxe":1,"minecraft:iron_sword":1,"minecraft:cooked_salmon":15,"minecraft:bucket":2,"minecraft:stone_axe":1,"minecraft:bread":66,"minecraft:air":0,"minecraft:oak_fence_gate":12,"minecraft:stick":240,"minecraft:iron_ingot":76,"minecraft:iron_pickaxe":6,"minecraft:wooden_axe":1,"minecraft:stone_sword":1},"minecraft:custom":{"minecraft:interact_with_anvil":4,"minecraft:mob_kills":179,"minecraft:animals_bred":6,"minecraft:interact_with_crafting_table":74,"minecraft:leave_game":7,"minecraft:time_since_death":13486,"minecraft:climb_one_cm":11860,"minecraft:sprint_one_cm":1224229,"minecraft:walk_one_cm":1008510,"minecraft:drop":485,"minecraft:deaths":34,"minecraft:sneak_time":9283,"minecraft:walk_under_water_one_cm":51488,"minecraft:jump":7434,"minecraft:interact_with_blast_furnace":2,"minecraft:walk_on_water_one_cm":105366,"minecraft:interact_with_furnace":69,"minecraft:tune_noteblock":6,"minecraft:interact_with_cartography_table":2,"minecraft:play_one_minute":370142,"minecraft:sleep_in_bed":2,"minecraft:time_since_rest":13512,"minecraft:damage_absorbed":39,"minecraft:damage_taken":16798,"minecraft:damage_dealt":22981,"minecraft:minecart_one_cm":174245,"minecraft:player_kills":4,"minecraft:swim_one_cm":130476,"minecraft:fly_one_cm":1296050,"minecraft:open_chest":111,"minecraft:crouch_one_cm":27176,"minecraft:interact_with_smoker":38,"minecraft:fall_one_cm":200083,"minecraft:horse_one_cm":4629},"minecraft:mined":{"minecraft:dark_oak_leaves":1,"minecraft:oak_door":1,"minecraft:stripped_birch_log":2,"minecraft:granite":2,"minecraft:grass_block":82,"minecraft:redstone_wire":1,"minecraft:spawner":1,"minecraft:tall_seagrass":1,"minecraft:redstone_ore":17,"minecraft:furnace":10,"minecraft:iron_ore":85,"minecraft:snow":8,"minecraft:andesite":12,"minecraft:anvil":1,"plehemstruhtee:sandsient_metal":3,"minecraft:lantern":2,"minecraft:stone":250,"minecraft:green_bed":3,"minecraft:poppy":1,"minecraft:dandelion":1,"minecraft:oak_fence":4,"minecraft:smooth_sandstone":4,"minecraft:crafting_table":2,"minecraft:torch":3,"minecraft:emerald_ore":1,"minecraft:melon":10,"minecraft:dead_bush":1,"minecraft:campfire":1,"minecraft:glass":3,"minecraft:tall_grass":2,"minecraft:cobblestone":9,"minecraft:lapis_ore":10,"minecraft:cyan_bed":1,"minecraft:grindstone":1,"minecraft:oak_planks":45,"minecraft:wall_torch":12,"minecraft:diorite":4,"minecraft:seagrass":1,"minecraft:birch_planks":12,"minecraft:lime_bed":1,"minecraft:coarse_dirt":2,"minecraft:ice":1,"minecraft:birch_log":13,"minecraft:wheat":337,"minecraft:birch_leaves":3,"minecraft:grass":52,"minecraft:oak_log":172,"minecraft:coal_ore":278,"minecraft:beetroots":1,"minecraft:gravel":37,"minecraft:sand":31,"minecraft:dirt":106,"minecraft:sandstone_wall":2,"minecraft:gold_ore":36,"minecraft:oak_leaves":4},"minecraft:picked_up":{"minecraft:wooden_axe":2,"minecraft:coarse_dirt":1,"minecraft:crafting_table":6,"minecraft:charcoal":2,"minecraft:iron_chestplate":2,"minecraft:wheat":342,"minecraft:chicken":23,"minecraft:anvil":2,"minecraft:lead":1,"minecraft:diamond_sword":2,"minecraft:oak_stairs":4,"minecraft:shield":4,"minecraft:string":10,"minecraft:cooked_salmon":3,"minecraft:iron_leggings":2,"minecraft:diamond_leggings":1,"minecraft:bucket":3,"minecraft:beef":26,"minecraft:poppy":2,"minecraft:iron_pickaxe":4,"minecraft:melon_slice":53,"minecraft:furnace":15,"minecraft:egg":20,"minecraft:iron_boots":3,"minecraft:stick":54,"minecraft:oak_door":3,"minecraft:oak_fence":6,"minecraft:acacia_log":4,"minecraft:torch":43,"minecraft:green_bed":3,"minecraft:sandstone_wall":2,"minecraft:porkchop":43,"plehemstruhtee:sandsient_stone":12,"minecraft:diorite":8,"minecraft:redstone":217,"minecraft:golden_chestplate":1,"minecraft:diamond_chestplate":1,"minecraft:stone_sword":2,"minecraft:arrow":10,"minecraft:stone_shovel":1,"minecraft:rotten_flesh":62,"minecraft:beetroot_seeds":1,"minecraft:diamond_boots":1,"minecraft:totem_of_undying":1,"minecraft:saddle":4,"minecraft:mutton":51,"minecraft:snowball":50,"minecraft:white_wool":19,"minecraft:cobblestone":666,"minecraft:birch_log":14,"minecraft:lime_bed":1,"minecraft:feather":11,"minecraft:cooked_beef":47,"minecraft:salmon":20,"minecraft:water_bucket":3,"minecraft:andesite":2,"minecraft:brown_wool":2,"minecraft:leather":1,"minecraft:golden_leggings":1,"minecraft:birch_planks":12,"minecraft:flint":5,"minecraft:oak_log":268,"minecraft:wooden_hoe":1,"minecraft:stripped_birch_log":1,"minecraft:gunpowder":12,"minecraft:lapis_lazuli":192,"minecraft:dirt":238,"minecraft:lantern":2,"minecraft:white_banner":4,"minecraft:glass":9,"minecraft:cooked_mutton":15,"minecraft:smooth_sandstone":4,"minecraft:bone":18,"minecraft:cooked_chicken":12,"minecraft:bow":3,"minecraft:wheat_seeds":1306,"minecraft:stone_pickaxe":4,"minecraft:iron_ingot":30,"minecraft:grindstone":1,"minecraft:oak_fence_gate":12,"minecraft:iron_ore":120,"minecraft:diamond_helmet":1,"minecraft:rabbit":2,"minecraft:stone_hoe":2,"minecraft:iron_sword":5,"minecraft:oak_planks":358,"minecraft:oak_slab":6,"minecraft:cooked_porkchop":52,"minecraft:gravel":17,"minecraft:sand":30,"minecraft:ink_sac":6,"minecraft:cyan_bed":1,"minecraft:gold_ore":62,"minecraft:spider_eye":2,"minecraft:sugar":1,"minecraft:stone_axe":3,"minecraft:iron_helmet":1,"minecraft:crossbow":1,"minecraft:granite":2,"minecraft:emerald":4,"minecraft:bread":65,"minecraft:oak_sapling":2,"minecraft:coal":271},"minecraft:killed_by":{"plehemstruhtee:thornhug":3,"minecraft:player":2,"minecraft:creeper":7,"minecraft:enderman":1,"minecraft:ravager":1,"minecraft:vindicator":3,"minecraft:skeleton":7,"minecraft:zombie":7,"minecraft:vex":1}},"DataVersion":2586}