{"stats":{"minecraft:custom":{"minecraft:interact_with_anvil":4,"minecraft:mob_kills":115,"minecraft:animals_bred":6,"minecraft:interact_with_crafting_table":42,"minecraft:leave_game":6,"minecraft:time_since_death":41446,"minecraft:climb_one_cm":7934,"minecraft:sprint_one_cm":770910,"minecraft:walk_one_cm":654915,"minecraft:drop":208,"minecraft:deaths":14,"minecraft:sneak_time":2722,"minecraft:walk_under_water_one_cm":20712,"minecraft:jump":4269,"minecraft:interact_with_blast_furnace":1,"minecraft:walk_on_water_one_cm":58641,"minecraft:interact_with_furnace":17,"minecraft:interact_with_cartography_table":1,"minecraft:play_one_minute":214606,"minecraft:sleep_in_bed":2,"minecraft:time_since_rest":41477,"minecraft:damage_taken":6423,"minecraft:damage_dealt":13301,"minecraft:minecart_one_cm":24127,"minecraft:swim_one_cm":41406,"minecraft:fly_one_cm":758162,"minecraft:open_chest":60,"minecraft:crouch_one_cm":6673,"minecraft:interact_with_smoker":23,"minecraft:fall_one_cm":115785},"minecraft:mined":{"minecraft:dark_oak_leaves":1,"minecraft:oak_door":1,"minecraft:grass_block":64,"minecraft:spawner":1,"minecraft:tall_seagrass":1,"minecraft:redstone_ore":17,"minecraft:furnace":1,"minecraft:iron_ore":14,"minecraft:snow":5,"minecraft:anvil":1,"plehemstruhtee:sandsient_metal":3,"minecraft:lantern":2,"minecraft:stone":96,"minecraft:green_bed":3,"minecraft:dandelion":1,"minecraft:oak_fence":4,"minecraft:smooth_sandstone":2,"minecraft:crafting_table":2,"minecraft:torch":2,"minecraft:emerald_ore":1,"minecraft:dead_bush":1,"minecraft:campfire":1,"minecraft:cobblestone":6,"minecraft:lapis_ore":10,"minecraft:cyan_bed":1,"minecraft:grindstone":1,"minecraft:oak_planks":36,"minecraft:wall_torch":10,"minecraft:diorite":3,"minecraft:birch_planks":12,"minecraft:lime_bed":1,"minecraft:coarse_dirt":2,"minecraft:wheat":303,"minecraft:grass":39,"minecraft:oak_log":118,"minecraft:coal_ore":68,"minecraft:beetroots":1,"minecraft:sand":31,"minecraft:dirt":61,"minecraft:sandstone_wall":2,"minecraft:gold_ore":19,"minecraft:oak_leaves":4},"minecraft:killed":{"minecraft:spider":2,"minecraft:skeleton":4,"minecraft:chicken":17,"minecraft:pig":19,"minecraft:rabbit":3,"minecraft:sheep":25,"minecraft:pillager":1,"minecraft:zombie":13,"plehemstruhtee:thornhug":1,"minecraft:cow":16},"minecraft:used":{"minecraft:oak_fence":82,"minecraft:stone_sword":167,"minecraft:stone_shovel":122,"minecraft:chest":2,"minecraft:shield":46,"minecraft:iron_sword":540,"minecraft:cooked_salmon":2,"minecraft:rotten_flesh":1,"minecraft:stone_hoe":35,"minecraft:oak_door":1,"minecraft:dirt":70,"minecraft:anvil":2,"minecraft:snowball":31,"minecraft:oak_fence_gate":3,"minecraft:wooden_axe":6,"minecraft:oak_sapling":2,"minecraft:egg":10,"minecraft:cooked_beef":2,"minecraft:cooked_mutton":10,"minecraft:wheat_seeds":362,"minecraft:water_bucket":12,"minecraft:diorite":8,"minecraft:stone_pickaxe":93,"minecraft:oak_planks":51,"minecraft:wooden_pickaxe":22,"minecraft:green_bed":3,"minecraft:sand":1,"minecraft:lime_bed":1,"minecraft:crafting_table":3,"minecraft:spider_eye":1,"minecraft:smoker":1,"minecraft:bread":31,"minecraft:cyan_bed":1,"minecraft:iron_pickaxe":149,"minecraft:stone_axe":154,"minecraft:wooden_sword":32,"minecraft:cobblestone":28,"minecraft:cooked_porkchop":11,"minecraft:bucket":13},"minecraft:broken":{"minecraft:stone_sword":1,"minecraft:stone_pickaxe":2,"minecraft:stone_axe":1,"minecraft:iron_sword":1},"minecraft:killed_by":{"plehemstruhtee:thornhug":2,"minecraft:creeper":3,"minecraft:skeleton":5,"minecraft:zombie":3},"minecraft:crafted":{"minecraft:wooden_sword":1,"minecraft:oak_planks":422,"minecraft:cooked_chicken":16,"minecraft:cooked_mutton":17,"minecraft:stone_pickaxe":1,"minecraft:chest":2,"minecraft:stone_hoe":1,"minecraft:oak_fence":80,"minecraft:cooked_rabbit":2,"minecraft:smoker":1,"minecraft:crafting_table":1,"minecraft:wooden_pickaxe":1,"minecraft:iron_sword":1,"minecraft:bucket":2,"minecraft:stone_axe":1,"minecraft:bread":42,"minecraft:air":0,"minecraft:oak_fence_gate":12,"minecraft:stick":152,"minecraft:iron_pickaxe":1,"minecraft:wooden_axe":1,"minecraft:stone_sword":1},"minecraft:dropped":{"minecraft:water_bucket":1,"minecraft:bread":4,"minecraft:wheat_seeds":17,"minecraft:oak_log":5,"minecraft:crafting_table":1,"minecraft:crossbow":1,"minecraft:cobblestone":41,"minecraft:feather":4,"minecraft:leather":1,"plehemstruhtee:sandsient_stone":12,"minecraft:granite":1,"minecraft:saddle":3,"minecraft:coal":13,"minecraft:stick":15,"minecraft:dirt":88,"minecraft:diorite":3,"minecraft:torch":16,"minecraft:wooden_axe":3,"minecraft:brown_wool":1,"minecraft:wooden_sword":1,"minecraft:sand":1,"minecraft:string":2,"minecraft:smooth_sandstone":2,"minecraft:bucket":3,"minecraft:stone_axe":1,"minecraft:coarse_dirt":1,"minecraft:stone_sword":2,"minecraft:wheat":34,"minecraft:rotten_flesh":5,"minecraft:oak_planks":274,"minecraft:sandstone_wall":2,"minecraft:gunpowder":3,"minecraft:andesite":1,"minecraft:iron_ore":4,"minecraft:bow":1,"minecraft:wooden_pickaxe":1,"minecraft:stone_pickaxe":3},"minecraft:picked_up":{"minecraft:wooden_axe":2,"minecraft:coarse_dirt":1,"minecraft:crafting_table":6,"minecraft:charcoal":2,"minecraft:iron_chestplate":2,"minecraft:wheat":264,"minecraft:chicken":17,"minecraft:anvil":2,"minecraft:lead":1,"minecraft:oak_stairs":2,"minecraft:shield":2,"minecraft:string":4,"minecraft:cooked_salmon":2,"minecraft:iron_leggings":1,"minecraft:bucket":3,"minecraft:beef":26,"minecraft:iron_pickaxe":2,"minecraft:furnace":5,"minecraft:egg":20,"minecraft:iron_boots":2,"minecraft:stick":52,"minecraft:oak_door":2,"minecraft:oak_fence":4,"minecraft:torch":17,"minecraft:green_bed":3,"minecraft:sandstone_wall":2,"minecraft:porkchop":35,"plehemstruhtee:sandsient_stone":12,"minecraft:diorite":8,"minecraft:redstone":215,"minecraft:stone_sword":2,"minecraft:arrow":6,"minecraft:stone_shovel":1,"minecraft:rotten_flesh":8,"minecraft:beetroot_seeds":1,"minecraft:saddle":4,"minecraft:mutton":36,"minecraft:snowball":47,"minecraft:white_wool":15,"minecraft:cobblestone":310,"minecraft:lime_bed":1,"minecraft:feather":10,"minecraft:cooked_beef":27,"minecraft:water_bucket":2,"minecraft:andesite":2,"minecraft:brown_wool":2,"minecraft:leather":1,"minecraft:birch_planks":12,"minecraft:oak_log":146,"minecraft:gunpowder":6,"minecraft:lapis_lazuli":128,"minecraft:dirt":161,"minecraft:lantern":2,"minecraft:cooked_mutton":15,"minecraft:smooth_sandstone":4,"minecraft:bone":14,"minecraft:bow":3,"minecraft:wheat_seeds":940,"minecraft:stone_pickaxe":3,"minecraft:iron_ingot":18,"minecraft:grindstone":1,"minecraft:oak_fence_gate":12,"minecraft:iron_ore":45,"minecraft:rabbit":2,"minecraft:iron_sword":3,"minecraft:oak_planks":224,"minecraft:cooked_porkchop":27,"minecraft:sand":30,"minecraft:cyan_bed":1,"minecraft:gold_ore":45,"minecraft:spider_eye":1,"minecraft:stone_axe":2,"minecraft:iron_helmet":1,"minecraft:crossbow":1,"minecraft:granite":2,"minecraft:emerald":2,"minecraft:bread":37,"minecraft:oak_sapling":2,"minecraft:coal":80}},"DataVersion":2586}