{
  "dungeons_arise:wda_root": {
    "criteria": {
      "WDA": "2024-05-31 23:03:15 +0000"
    },
    "done": true
  },
  "dungeons_arise:find_small_blimp": {
    "criteria": {
      "location0": "2024-05-31 23:11:44 +0000"
    },
    "done": true
  },
  "dungeons_arise:find_small_prairie_house": {
    "criteria": {
      "location0": "2024-05-31 23:06:23 +0000"
    },
    "done": true
  },
  "dungeons_arise:find_illager_corsair_or_illager_galley": {
    "criteria": {
      "location0": "2024-05-31 23:09:56 +0000"
    },
    "done": true
  },
  "dungeons_arise:find_merchant_campsite": {
    "criteria": {
      "location0": "2024-05-31 23:06:51 +0000"
    },
    "done": true
  },
  "dungeons_arise:find_wishing_well": {
    "criteria": {
      "location0": "2024-05-31 23:04:29 +0000"
    },
    "done": true
  },
  "minecraft:adventure/adventuring_time": {
    "criteria": {
      "minecraft:forest": "2024-05-31 23:04:20 +0000",
      "minecraft:desert_hills": "2024-05-31 23:03:16 +0000",
      "minecraft:desert": "2024-05-31 23:03:57 +0000",
      "minecraft:deep_lukewarm_ocean": "2024-05-31 23:09:54 +0000",
      "minecraft:savanna_plateau": "2024-05-31 23:04:43 +0000",
      "minecraft:beach": "2024-05-31 23:11:02 +0000",
      "minecraft:river": "2024-05-31 23:03:54 +0000",
      "minecraft:lukewarm_ocean": "2024-05-31 23:10:20 +0000",
      "minecraft:savanna": "2024-05-31 23:03:15 +0000",
      "minecraft:plains": "2024-05-31 23:03:51 +0000"
    },
    "done": false
  },
  "DataVersion": 2586
}