{
  "dungeons_arise:wda_root": {
    "criteria": {
      "WDA": "2024-05-31 23:37:13 +0000"
    },
    "done": true
  },
  "minecraft:recipes/transportation/acacia_boat": {
    "criteria": {
      "in_water": "2024-05-31 23:39:06 +0000"
    },
    "done": true
  },
  "minecraft:recipes/transportation/oak_boat": {
    "criteria": {
      "in_water": "2024-05-31 23:39:06 +0000"
    },
    "done": true
  },
  "minecraft:recipes/transportation/dark_oak_boat": {
    "criteria": {
      "in_water": "2024-05-31 23:39:06 +0000"
    },
    "done": true
  },
  "minecraft:recipes/transportation/birch_boat": {
    "criteria": {
      "in_water": "2024-05-31 23:39:06 +0000"
    },
    "done": true
  },
  "minecraft:recipes/transportation/jungle_boat": {
    "criteria": {
      "in_water": "2024-05-31 23:39:06 +0000"
    },
    "done": true
  },
  "minecraft:recipes/transportation/spruce_boat": {
    "criteria": {
      "in_water": "2024-05-31 23:39:06 +0000"
    },
    "done": true
  },
  "dungeons_arise:find_abandoned_temple": {
    "criteria": {
      "location0": "2024-05-31 23:57:25 +0000"
    },
    "done": true
  },
  "minecraft:adventure/adventuring_time": {
    "criteria": {
      "minecraft:jungle_edge": "2024-05-31 23:39:08 +0000",
      "minecraft:badlands_plateau": "2024-05-31 23:38:50 +0000",
      "minecraft:forest": "2024-05-31 23:55:56 +0000",
      "minecraft:mountains": "2024-05-31 23:57:10 +0000",
      "minecraft:desert": "2024-05-31 23:37:06 +0000",
      "minecraft:jungle": "2024-05-31 23:39:28 +0000",
      "minecraft:badlands": "2024-05-31 23:37:12 +0000",
      "minecraft:river": "2024-05-31 23:38:47 +0000",
      "minecraft:wooded_badlands_plateau": "2024-05-31 23:37:27 +0000",
      "minecraft:plains": "2024-05-31 23:55:32 +0000"
    },
    "done": false
  },
  "dungeons_arise:find_foundry": {
    "criteria": {
      "location0": "2024-05-31 23:38:20 +0000"
    },
    "done": true
  },
  "DataVersion": 2586
}